"var","Coef.CinereusShrew","Coef.HumanCinereusShrewAge.LogLinear3","Coef.HumanCinereusShrewRelativeAge"
"(Intercept)",2.18059078753463,9.35510636176635,2.19601295491516
"cg11758048",0.134022315173123,-0.504683922107602,-0.00194556250865071
"cg00748659",-0.23545264711687,NA,-1.26687354692736
"cg03956141",-0.408650394619901,NA,-0.104343433406516
"cg09942248",0.00348791988614083,NA,0.0183760043748103
"cg13753818",-0.457432489315325,NA,-0.0210571142240204
"cg10427592",-0.486167324728632,NA,-0.0658598187653861
"cg00038955",NA,0.344934098138656,0.044505302569739
"cg00194857",NA,-0.22157170329789,-3.51960024857726e-05
"cg00236139",NA,0.00926339282294488,0.000562573193545219
"cg00240849",NA,-0.0495801014110578,-0.00444531241896097
"cg00309562",NA,0.523691061420071,0.0463863931331825
"cg00331190",NA,-0.0555248153221323,-0.00537269044624254
"cg00374382",NA,1.06495693246923,0.054609117257587
"cg00422680",NA,0.107623394236533,0.00299895317032534
"cg00490620",NA,-0.031347473453613,-6.41829863102232e-05
"cg00522402",NA,-0.0747241477565622,-0.000704448750132509
"cg00563016",NA,-0.473025034387449,-0.114883739266286
"cg00566395",NA,-0.00803755116990014,-0.00483342391742119
"cg00591406",NA,0.841833806245697,0.0640885037521068
"cg00608008",NA,-0.43471190536739,-0.0229119594034944
"cg00674815",NA,-0.413410290076065,-0.0528705647954157
"cg00740694",NA,-0.435456506006785,-0.128508989607803
"cg00809740",NA,1.08244639941192,0.151084988467162
"cg00843538",NA,-0.385668692749437,-0.0161708465309171
"cg00910419",NA,1.25914178359488,0.191778841764491
"cg00946032",NA,-0.00252102862070719,-0.860235667546252
"cg00958552",NA,0.00239683279502616,0.00948360881804235
"cg01033486",NA,0.5118996136011,0.0322750314470861
"cg01054501",NA,0.0943334543499613,0.00372208009562493
"cg01066008",NA,-0.0462319213321237,-0.00901800660360245
"cg01097631",NA,0.0642368894028584,0.00516422463556526
"cg01155266",NA,-0.345026700401875,-0.102640482542791
"cg01193554",NA,-0.449417962853314,-0.0303576908532024
"cg01193810",NA,-2.10473312086364,-0.0925042189924759
"cg01245471",NA,-0.556947916513722,-0.073301985823511
"cg01257520",NA,-0.153352915143964,-0.0346649251952544
"cg01342051",NA,0.0877690493968873,0.00328662827133875
"cg01351663",NA,0.243050122776956,0.0276990420593273
"cg01360767",NA,-0.227163857575169,-0.0329746116969777
"cg01383681",NA,-1.22855644397831,-0.233242928185621
"cg01494784",NA,-0.0317805733558667,-0.0264644867907658
"cg01572513",NA,0.0038635437106641,0.00535527167636589
"cg01655814",NA,-0.0603045530625051,-0.0102811539990241
"cg01710150",NA,-0.0840848702142073,-0.00703369862238854
"cg01712842",NA,1.07911761630825,0.118520977875457
"cg01851187",NA,0.0835988792659035,0.0168909512843543
"cg01852109",NA,-0.0620415153658645,-0.0450835426977769
"cg01885247",NA,1.36069198264674,0.189502828360401
"cg01888904",NA,0.921781780268131,0.255584268445764
"cg01943559",NA,-0.0513820881898552,-0.00332794046173597
"cg02027042",NA,0.153608545682794,0.0288852230245528
"cg02037503",NA,0.0695512390269039,0.0644091478443319
"cg02056060",NA,0.17806050293527,0.0137963363159982
"cg02074136",NA,7.06871866082006e-05,0.000524897622318796
"cg02121891",NA,3.85394727534582,0.316714273402191
"cg02129856",NA,-0.387052269372465,-0.0408398737487859
"cg02187860",NA,-0.514661949599788,-0.0370582281199374
"cg02221888",NA,0.406017450906275,0.0705156700669617
"cg02228185",NA,-0.0661557755186539,-0.0101395323903155
"cg02364642",NA,-0.571676773774102,-0.0335575244308594
"cg02404145",NA,-0.092511878783471,-0.00568171009089494
"cg02520894",NA,0.2431674513636,0.022643318102001
"cg02534193",NA,-0.285578638097862,-0.0330024170377719
"cg02596500",NA,0.375693568868284,0.0418619283234627
"cg02604675",NA,-0.492142038659048,-0.0620970018604511
"cg02737031",NA,-0.134417477873835,-0.00326668363712287
"cg02779868",NA,0.0378371544291845,0.00555996022201561
"cg02810085",NA,-0.0550602288327444,-0.00235253908976746
"cg02934616",NA,-0.00497894700313901,-0.00123719544350279
"cg02944016",NA,0.0220328359527888,0.000161540225519918
"cg02979795",NA,-0.0548007959651798,-0.00676708357914888
"cg02981187",NA,-0.460444297794882,-0.0163281493563189
"cg02996066",NA,-0.88157673622315,-0.0237673256357947
"cg03057744",NA,-0.150700340189775,-0.0215742664235738
"cg03109931",NA,0.00212701520906869,0.022743230222259
"cg03120509",NA,0.110924049476893,0.0161103793051556
"cg03143196",NA,1.43176447327443,0.156887964312304
"cg03180785",NA,0.120607846297063,0.0297364536650597
"cg03214473",NA,-0.54787732145709,-0.0653242046205989
"cg03265769",NA,0.142073835290959,0.040978113674601
"cg03295832",NA,0.182653064149184,0.0166795510053113
"cg03340793",NA,0.169133905180967,0.0033128837619436
"cg03363289",NA,-0.112902431241169,-0.0247903367490724
"cg03388263",NA,-0.272835712161836,-0.13713633337732
"cg03490415",NA,-0.0440631594798513,-0.00682667997607184
"cg03533765",NA,0.362734922625427,0.0430841122054886
"cg03638659",NA,0.38880190350081,0.0277193224443159
"cg03659513",NA,0.0942679028749261,0.00840857823868508
"cg03717201",NA,1.44140373003234,0.0179750948031292
"cg03727787",NA,0.0216763560973246,0.00587381965944808
"cg03770593",NA,-0.897580817074831,-0.187244319425923
"cg03778895",NA,-3.66793359696881,-0.215651856702478
"cg03793834",NA,-0.0657322393254811,-0.00118887668439858
"cg04005032",NA,-2.97603177671932,-0.347385328466828
"cg04080945",NA,-0.357175488554425,-0.0304674974523904
"cg04138506",NA,-0.0847522081946642,-0.00144144498045487
"cg04226429",NA,-0.743167147584095,-0.10252815469221
"cg04243635",NA,0.266804398507837,0.0141643457658709
"cg04276865",NA,0.0307189665561148,0.000507016216672226
"cg04295410",NA,-0.450618394915884,-0.0611814055709533
"cg04327611",NA,0.300955837893515,0.0410793365276931
"cg04343297",NA,0.0655738094841122,0.00527702884170875
"cg04388023",NA,-0.377855466813032,-0.0350980173272879
"cg04413953",NA,0.0939878353786728,0.00131086796239275
"cg04426657",NA,0.0628521160754494,0.0031676303328118
"cg04447890",NA,-1.18912657653517,-0.190818621469142
"cg04483487",NA,-1.09292049419448,-0.0799198390681088
"cg04512256",NA,0.3578634691479,0.0456216931322145
"cg04539724",NA,-0.00369484933544209,-0.000996456790105281
"cg04609859",NA,0.367966603466101,0.08987782003682
"cg04626222",NA,0.000147055937472011,0.000396308816921944
"cg04690272",NA,-0.590391362496274,-0.114263688570809
"cg04722310",NA,0.142970617132088,0.00219982871920868
"cg04830825",NA,0.672811233805064,0.0565617561383813
"cg04858180",NA,0.0348581795475638,0.00261204703567536
"cg04870368",NA,0.24354984897568,0.0364856262263288
"cg04914412",NA,0.689250575213091,0.0961906509349817
"cg04931708",NA,2.30278065774466,0.269196754074917
"cg04984522",NA,0.0632229927585019,0.0101335090635992
"cg05005308",NA,-0.0537863625023286,-0.0139421352245166
"cg05006042",NA,-0.423326311186944,-0.0674247974738193
"cg05033071",NA,-0.104013833862894,-0.0220718926866974
"cg05066539",NA,2.08093528310381,0.1651063344899
"cg05081470",NA,-0.0617602896172873,-0.0413237497139748
"cg05082095",NA,0.646409434247047,0.225795168131418
"cg05090186",NA,-0.0765386675859299,-0.0139470528533486
"cg05098471",NA,1.77930594164167,0.0917114506129484
"cg05119607",NA,-0.0197936379833915,-0.00788463550387024
"cg05163758",NA,0.108489671414187,0.0104921317496974
"cg05166408",NA,-0.57025524377868,-0.00749946172255375
"cg05223134",NA,-0.18813949674501,-0.0303380012878888
"cg05249880",NA,0.0831131380611215,0.00511889171820769
"cg05311559",NA,3.8302279773442,0.388175960056674
"cg05322294",NA,-0.431697700800078,-0.0420477254153456
"cg05337739",NA,-1.20914158937442,-0.224065594038817
"cg05361761",NA,-0.337702938515484,-0.0367146515476983
"cg05362516",NA,-0.672535639827912,-0.0674003241510989
"cg05413840",NA,0.0429376583540274,0.00125997703665922
"cg05470773",NA,0.721951132813934,0.00240964295555288
"cg05485177",NA,-1.72367595563133,-0.165431044849587
"cg05539466",NA,0.0624755432099133,0.000563717092489044
"cg05542681",NA,0.341600401290128,0.0420686436187699
"cg05543238",NA,-2.31633510401207,-0.181198245083349
"cg05552755",NA,-0.119109369232694,-0.00371134371109487
"cg05570491",NA,-0.223272250184402,-0.035290551362724
"cg05613158",NA,-0.337619988831758,-0.011362723251963
"cg05679822",NA,0.253102198574829,0.00183610481871962
"cg05701280",NA,0.511269561087674,0.0485462880763659
"cg05723322",NA,-0.204271270540282,-0.0236292312547535
"cg05825700",NA,0.249453000460561,0.0104633872656985
"cg05852043",NA,0.555007144763572,0.0861625121152671
"cg05882781",NA,0.341347752585928,0.000719006313491484
"cg05914055",NA,-0.140443539455531,-0.0210201225046994
"cg05932420",NA,0.256114427506877,0.0596546321773573
"cg05933419",NA,0.48970688978633,0.0327268333133146
"cg05939552",NA,0.00356208048995514,1.34048330806683e-06
"cg05958112",NA,-0.160700351423008,-0.023067644338059
"cg05968022",NA,0.493512903182358,0.0113157630368434
"cg06022033",NA,-0.178371539677219,-0.0149683610255201
"cg06181752",NA,-0.115934298568206,-1.40567492738278e-05
"cg06185738",NA,-0.174187662987287,-0.0700807026914475
"cg06190403",NA,-0.286125832627631,-0.0402529559184117
"cg06258851",NA,0.151855912294658,0.00482918071414342
"cg06332339",NA,-0.727731398840253,-0.0170208868893868
"cg06548914",NA,0.0872121547052078,0.0107610114440354
"cg06570740",NA,-0.107301948620115,-0.0069993751903896
"cg06648775",NA,-0.0472507808973307,-0.00498977917401591
"cg06695854",NA,-0.631724044590306,-0.017315868273142
"cg06734419",NA,-0.0434456349041064,-0.00908899850802167
"cg06762090",NA,0.0968773622029618,0.00932319937372816
"cg06771612",NA,1.44656457723382,0.173735075779991
"cg06778009",NA,-1.18476458523031,-0.151931831977976
"cg06801233",NA,0.0371651913811394,0.00954149464034019
"cg06878498",NA,0.27601465258156,0.0394860242215636
"cg06992077",NA,-1.25683902642875,-0.108111340525855
"cg07056567",NA,-0.918497829020689,-0.0630863957894599
"cg07131451",NA,1.461033729677,0.205411572104143
"cg07145999",NA,0.3711789699743,0.0635911434342526
"cg07236812",NA,-1.43827941354254,-0.08940484825375
"cg07246225",NA,-3.41976875194731,-0.0250269734719864
"cg07249227",NA,-3.81499756367173,-0.623743758928403
"cg07422543",NA,0.265318430916138,0.011269640161594
"cg07425443",NA,-0.424585900289676,-0.00579624784608866
"cg07440346",NA,-0.595390933102708,-0.0797978252991299
"cg07480114",NA,-0.605255432759611,-0.100971458358519
"cg07493901",NA,-3.26409597325636,-0.483361044786069
"cg07619656",NA,0.011526736144294,0.0262908250976937
"cg07677297",NA,0.464777982663968,0.0672010231284654
"cg07768842",NA,-0.417196595156704,-0.096927821386525
"cg07774693",NA,0.089346890177685,0.000565537057076569
"cg07795407",NA,0.446819773659037,0.040704790772119
"cg07797033",NA,-1.17023564993149,-0.00417636958654028
"cg07806359",NA,-0.0848210075390794,-0.00246935893976634
"cg07898297",NA,0.785808006689141,0.148764611071218
"cg07900685",NA,0.50917927885238,0.0110778046881765
"cg07963404",NA,-1.43646956116016,-0.185856606895106
"cg08069459",NA,-0.110358177200106,-0.0139963008873871
"cg08086221",NA,3.81161619739786,0.414352830618193
"cg08123116",NA,0.230051718841382,0.00562965660212287
"cg08166269",NA,0.158762100568382,0.0689349309132456
"cg08201223",NA,0.100076280118747,0.0173269246741469
"cg08229223",NA,0.00418363751830485,0.00379254115879139
"cg08233123",NA,-0.0866049062137443,-0.0143540951481867
"cg08275784",NA,0.178000167175438,0.0208158204519564
"cg08460572",NA,-0.0646307961161965,-0.00202132806278102
"cg08478189",NA,-0.18410064824279,-0.0585193636392143
"cg08553905",NA,-3.12155851393002,-0.331222508599784
"cg08587692",NA,-0.0156919634847237,-0.000237513551160351
"cg08608749",NA,-0.0232679643709154,-0.0163843782713288
"cg08629101",NA,-0.578271405477916,-0.0540063762881734
"cg08706426",NA,-0.0262566810421391,-0.000713396231446557
"cg08707435",NA,-1.19834957993555,-0.117200562580416
"cg08722723",NA,-0.882967969706113,-0.0144504238995594
"cg08868548",NA,-0.135614523476598,-0.0188664247296267
"cg08885324",NA,-0.858977725027017,-0.0976189382306848
"cg08910714",NA,1.44778281553185,0.122549992246648
"cg08912313",NA,0.322693138633872,0.055030653543721
"cg08916715",NA,-0.156669865232545,-0.0191704775781956
"cg09096400",NA,0.746404951610126,0.0965007884487536
"cg09129254",NA,-2.13102218209732e-05,-0.0240987329890306
"cg18440245",NA,-0.00819541378884622,-0.00147602700308117
"cg09162738",NA,-0.217836756705264,-0.0339832968667367
"cg09185718",NA,-0.0580060202030995,-0.0170426363048594
"cg09186789",NA,0.104215613501795,0.0021331910325091
"cg09189256",NA,0.45091831729483,0.0646669667009523
"cg09227056",NA,0.405268647531372,0.040359612119614
"cg09229936",NA,-0.676370934017443,-0.170921342506211
"cg09243281",NA,0.130887878574834,0.025657230676516
"cg09260635",NA,-0.229933941015238,-0.00869025831590583
"cg09445259",NA,0.125994845925971,0.017842381287388
"cg09461098",NA,-1.27769152334951,-0.140698583280578
"cg09538377",NA,0.164830028032777,0.189889527434227
"cg09585004",NA,-0.559967401723776,-0.120980281139204
"cg09667338",NA,-0.0394585426504808,-0.00258950065982063
"cg09689442",NA,-0.120547405011564,-0.0187749379334404
"cg09722599",NA,0.0468954980797493,0.00476925560940267
"cg09821379",NA,0.703014810135694,0.267677136202343
"cg09915949",NA,-3.62157967353661,-0.201756332611319
"cg10088241",NA,0.0115143757157982,0.000812490804878645
"cg10138359",NA,-0.0606696133391144,-0.0871104517498525
"cg10155596",NA,-1.03222178100959,-0.140848346919405
"cg10202628",NA,0.059151043431188,0.0128009554875711
"cg10233638",NA,-0.392176663010926,-0.0460959751108965
"cg10250869",NA,2.71695435440996,0.318339549542589
"cg10277631",NA,1.31724515122328,0.205832475625248
"cg10320446",NA,-1.46543953818178,-0.243445484930953
"cg10323846",NA,-0.0330581803158594,-0.000321521330717969
"cg10334858",NA,0.10155928897878,0.0078953131236921
"cg10450703",NA,-0.91690498120777,-0.0791581162511015
"cg10529428",NA,-0.0761722076696435,-0.0210666860798644
"cg10561550",NA,-0.285652399497993,-5.63934538028428e-05
"cg10570966",NA,-0.00149053654833058,-0.00236627599845006
"cg10614050",NA,0.0123052378764994,0.00224216452751577
"cg10639365",NA,0.000752656720141535,0.0367155096011806
"cg10801485",NA,0.461149934701964,0.0356392649781972
"cg10820794",NA,-0.0226013025400274,-0.00110255811011956
"cg10868173",NA,-0.0888697094455626,-0.0165795503212975
"cg10893516",NA,4.65449113207493e-06,0.0147635294106674
"cg10920740",NA,0.960745241848147,0.0252297760807743
"cg10956761",NA,0.402139628256382,0.0313553351798066
"cg10967836",NA,0.0930188302687655,0.0107708548652477
"cg10988592",NA,0.0399803740597834,0.000701854592615087
"cg11153006",NA,0.0292599178299785,0.0186645348659261
"cg11242021",NA,-1.82531014135468,-0.200963449794232
"cg11382709",NA,0.493995271652585,0.000209483579977725
"cg11383875",NA,-0.789512253997316,-0.0908525134118391
"cg11387509",NA,0.00048484421737223,0.00463152857278884
"cg11457304",NA,0.220428011779801,0.0212000549798005
"cg11534937",NA,7.36387906474797,1.06270333165005
"cg11548411",NA,-0.0176692051591399,-0.00126976150912537
"cg11940021",NA,0.251036195303375,0.0195124410485898
"cg11977715",NA,-0.071809031040851,-0.00880078433297302
"cg11983139",NA,-0.251536356072478,-0.0137691692746996
"cg11992992",NA,0.681800945566498,0.132680911707847
"cg12012631",NA,0.125625762756772,0.0301365502388714
"cg12015981",NA,0.24743767414897,0.0360067548325151
"cg12102023",NA,-1.08825637337323,-0.0257244953217892
"cg12210408",NA,-0.154960346236252,-0.0118721886088304
"cg12249796",NA,0.0774546512431395,0.0385309467281692
"cg12250639",NA,1.44363005699974,0.0653164970490168
"cg12277787",NA,-0.0940228816011452,-0.00849621808534817
"cg12292002",NA,-0.0309190433239752,-0.001281381277033
"cg12330929",NA,0.751425761143841,0.0971637111608834
"cg12370200",NA,-0.189653781627162,-0.0269616695812597
"cg12423909",NA,0.117745384733529,0.00686167087958403
"cg12456170",NA,0.392330424446919,0.0605159273652213
"cg12493075",NA,-0.0336350265227116,-0.0422595783585877
"cg12505751",NA,0.14189712713717,0.00405096386752321
"cg12507329",NA,0.112780596849484,0.0795621396852653
"cg12540775",NA,0.110777364097643,0.0120160997675808
"cg12596040",NA,1.43807848829605,0.164527486350094
"cg12597232",NA,-0.172179969373704,-0.0160246173590595
"cg12644878",NA,0.952286433905931,0.114263062635656
"cg12695985",NA,-0.168014823081997,-0.0172886352819857
"cg12727398",NA,0.110807294195249,0.0190854801513283
"cg12753118",NA,0.107631245465424,0.00369830727724119
"cg12791206",NA,-0.23576238942882,-0.104558507477516
"cg12841266",NA,1.2575382328298,0.150664351444345
"cg12867675",NA,1.24020075627133,0.0350823652716994
"cg12887931",NA,-0.786215572349015,-0.0155244228887293
"cg12897917",NA,-0.22855126722284,-0.0113905320859528
"cg12935694",NA,-0.807719648361698,-0.0269950929285656
"cg12946225",NA,0.27676995386156,0.00444506292705295
"cg13055846",NA,0.493541218382295,0.0339524172253687
"cg13083173",NA,0.041907529500539,0.00224802195603382
"cg13100226",NA,0.0196620776567896,0.00394742600088183
"cg13146508",NA,-0.000307844018738455,-0.000114021919941036
"cg13158272",NA,-0.0983374789849133,-0.00939855705339825
"cg13219248",NA,-0.312617866673489,-0.0812223138756728
"cg13222741",NA,0.0479518738140949,0.00407092384366025
"cg13260659",NA,-0.270359357238907,-0.0139430925191276
"cg13309513",NA,-0.630439211381768,-0.154439246502525
"cg13325878",NA,0.00328132146538058,0.00178323773557678
"cg13329717",NA,-1.35384639984052,-0.0865820139810467
"cg13364157",NA,2.34519303756723,0.0839546913763803
"cg13366440",NA,-0.471854386237622,-0.0502118487867783
"cg13367589",NA,-0.250515159375381,-0.0401779680665751
"cg13380048",NA,-4.19364543541708e-05,-0.0335485533078569
"cg13394114",NA,0.0932434464628168,0.00822583310659183
"cg13427357",NA,0.0812748555587902,0.00375491553562099
"cg13436384",NA,-0.647429844493951,-0.107634084494398
"cg13467605",NA,0.75018517566876,0.0654572434033028
"cg13499073",NA,0.293975555021841,0.0264388752398508
"cg13505793",NA,0.15413584706051,0.0248802347895603
"cg13626528",NA,0.299838453318101,0.111122036484904
"cg13647620",NA,0.0467222756040078,0.0068853122917928
"cg13656236",NA,-0.0724636194731477,-0.00330022931553376
"cg13673047",NA,-0.249731650878848,-0.217076887089376
"cg13690286",NA,-0.299413823187008,-0.0678492622968575
"cg13721745",NA,-0.0344224650349874,-0.000676338219953296
"cg13748673",NA,0.209596946365692,0.0991198718736754
"cg13848598",NA,0.542400176095777,0.0513724691484739
"cg13851328",NA,-0.338481206995419,-0.0266373985283835
"cg13890715",NA,0.335716969166689,0.0467681192301955
"cg13914112",NA,-0.0296675070378774,-0.00350894562537668
"cg13931746",NA,0.182422545982259,0.0347155760736334
"cg13965682",NA,0.00151126945694643,0.0049408953983899
"cg13984351",NA,-1.2245729694341,-0.117246153210991
"cg14056866",NA,-0.224828667521677,-0.0148497136279456
"cg14115575",NA,0.0205461827358097,0.000952806395968428
"cg14306812",NA,2.95879524486724,0.176268702380019
"cg14322760",NA,0.381105033190631,0.0542288894058813
"cg14400627",NA,0.00171839502124234,0.00134186524710759
"cg14431689",NA,-0.308929118499236,-0.0545378415621749
"cg14467140",NA,0.131918999704945,0.0155667455349309
"cg14469373",NA,1.12924732159895,0.12105566317267
"cg14475241",NA,0.0738558770406331,0.00725177302649448
"cg14486003",NA,-0.467142829754262,-0.0396145570217277
"cg14498322",NA,-0.309428202663059,-0.0564773250996722
"cg14503550",NA,0.0197153461941176,0.0136329979389412
"cg14523578",NA,0.945677129067694,0.0919093756964871
"cg14550108",NA,0.0698597703988433,0.00766089509027415
"cg14551953",NA,0.045871018961897,3.30200216395388e-05
"cg14633938",NA,-0.0446051367734567,-0.00689945435335501
"cg14650619",NA,-0.480057995051761,-0.0373918441586968
"cg14701026",NA,-0.320951256588166,-0.0414999231727926
"cg14720152",NA,-0.149397545911341,-0.0154876101458007
"cg14731753",NA,0.333251743688499,0.00992017982976128
"cg14738500",NA,0.997216983230385,0.0978797163501986
"cg14754937",NA,0.131471135703636,0.0185154760152823
"cg14761541",NA,-0.00854519226690753,-0.00250727492527616
"cg14778330",NA,0.898865315351421,0.252602869284988
"cg14781469",NA,-1.99939687337024,-0.100687225526492
"cg14870509",NA,-0.286974100241579,-0.0317299548300055
"cg14879438",NA,0.0254158152031572,0.127031816660667
"cg14937633",NA,-0.00245697192339069,-0.00136026409778261
"cg15051960",NA,0.183691097261063,0.0350476018778381
"cg15091323",NA,0.648240324382229,0.0655859865505163
"cg15093482",NA,-1.04300416975301,-0.148053097352686
"cg15129763",NA,-0.0637716745029934,-0.00939987670347422
"cg15183682",NA,0.0964508806493361,0.000246233262965763
"cg15219830",NA,-0.268078353833502,-0.0358639824006699
"cg15333906",NA,-0.505811760115127,-0.0430158162620338
"cg15408129",NA,0.110240374329873,0.00627677381274297
"cg15513100",NA,0.728327756139695,0.0797996154284312
"cg15578619",NA,0.0080566560888492,0.00408643585468121
"cg15578835",NA,2.31428993221149,0.399900802523088
"cg15582951",NA,-0.556954991662411,-0.044466443440814
"cg15585576",NA,0.516116416924029,0.116472055124471
"cg15592596",NA,-0.497992137345847,-0.069092659460347
"cg15632198",NA,-0.182877489832891,-0.0316947219445113
"cg15726426",NA,0.59145795985672,0.0768885979380725
"cg15840551",NA,-0.0659726427571558,-0.0150240427285517
"cg15905736",NA,0.135228652102408,0.0261715792523351
"cg15917885",NA,-0.233038524962173,-0.0205129484001895
"cg15962375",NA,-0.311260749875016,-0.0275323532579532
"cg15966253",NA,-0.27036511833815,-0.263846530079186
"cg16008850",NA,0.00104235116722866,0.000628087859382347
"cg16024222",NA,0.0948752511871264,0.0018404953095781
"cg16124830",NA,-0.0666129051327534,-0.012049170651638
"cg16184756",NA,-0.267300960459893,-0.0093093478638352
"cg16286672",NA,-0.155301798828148,-0.0114247998990133
"cg16288125",NA,-0.0695135996232302,-0.00841299270821479
"cg16300531",NA,-0.119255533263653,-0.00843969211944272
"cg16315022",NA,0.113072132744295,0.00331706701197173
"cg16323498",NA,-1.8659110026544,-0.347203365896285
"cg16367989",NA,-0.932984485723889,-0.0964865904801929
"cg16378867",NA,-1.03688782841136,-0.0727366392198289
"cg16435898",NA,0.360706162438021,0.0366671528976299
"cg16455800",NA,-0.130375682453737,-0.0150239304842586
"cg16477041",NA,-0.0790977024563428,-0.0119863046703754
"cg16566272",NA,0.523078094464174,0.0520239722583789
"cg16590288",NA,-0.124021065942661,-0.0157954770501904
"cg16616747",NA,0.378489544901549,0.0419098420773275
"cg16632407",NA,-0.0400859044091468,-0.00572375658992926
"cg16673182",NA,1.07635789931434,0.138410212745223
"cg16754079",NA,0.597287649125052,0.0156644836711399
"cg16756631",NA,-1.16311786968279,-0.0159090353553192
"cg16781658",NA,-0.0626684950742376,-0.00279761526695043
"cg16796969",NA,-0.0815748206632475,-0.0141510387916736
"cg16866615",NA,0.0172264110838355,0.00444224976575121
"cg16944411",NA,-0.167053255549069,-0.00331571554181243
"cg17100218",NA,2.58456954320734,0.313903858640687
"cg17106054",NA,0.0682757001833018,0.0121209283344733
"cg17115006",NA,0.325608622739136,0.0439275171642237
"cg17133703",NA,-5.12086879650609e-05,-0.00660967655458323
"cg17193033",NA,0.0112349780943439,0.00382284669313535
"cg17219472",NA,-0.807624583516916,-0.0231825367227704
"cg17230508",NA,-0.0833709095224942,-0.012713763875136
"cg17247426",NA,-0.103267283992194,-0.133662814065802
"cg17285910",NA,-0.931084595021736,-0.0796931497903308
"cg17314597",NA,0.0426744394949596,0.00586436480015792
"cg17326640",NA,0.681107161773111,0.0712309716794478
"cg17415555",NA,-0.998358225525346,-0.0967935876254327
"cg17575255",NA,0.0382528628304481,0.0215891180355547
"cg17613601",NA,0.0113896520940869,0.000813594897878142
"cg17881452",NA,0.000438445378820637,0.000837205314949521
"cg17916358",NA,0.105642447638889,0.0349990976076982
"cg17923358",NA,-0.0414822000223668,-0.0012764232979777
"cg17986111",NA,-1.18543806701786,-0.147555904158684
"cg18003644",NA,-0.261563919572281,-0.0262119524211661
"cg18031544",NA,0.0178967838737788,0.00294922544581308
"cg18063694.1",NA,0.104527716041199,0.000552159343736353
"cg18117260",NA,1.07132310044661,0.328060986717126
"cg18141729",NA,0.160392340716324,0.0447077219369347
"cg18223258",NA,-0.763603206380788,-0.0517123369073914
"cg18253120",NA,0.00131738647060653,0.0666790997894344
"cg18304538",NA,0.573805931744378,0.0636861880667388
"cg18321911",NA,0.0604674746108793,0.00568972034306993
"cg18352564",NA,-0.0129371219854231,-0.00192439122898692
"cg18369277",NA,-2.50345226730938,-0.45401636530954
"cg18407591",NA,0.0665524766609149,0.00687316819016991
"cg18409102",NA,-0.152750127132837,-0.00113589048705476
"cg18432293",NA,0.0954792272621519,0.0108204586631217
"cg18453751",NA,0.117398599214146,0.0400645792421418
"cg18465972",NA,-0.619424849149003,-0.0237477721533968
"cg18473521.1",NA,0.496773396700021,0.0561845719103133
"cg18473521.2",NA,0.513457437589846,0.0592420101081075
"cg18508910",NA,1.42643688340919,0.0517744633550239
"cg18522824",NA,0.1376843657259,0.014150347917013
"cg18533392",NA,-0.124309539386923,-0.0218572552345371
"cg18562542",NA,0.000123719278078702,0.00137889725618919
"cg18566009",NA,-1.03551773947262,-0.0173539276082273
"cg18599609",NA,-0.790769172426946,-0.0466382815703139
"cg18618304",NA,0.00283444275863965,0.00116422644666973
"cg18634499",NA,-3.61480609670881,-0.632127308164069
"cg18753125",NA,-0.551730467574133,-0.0195591033169844
"cg18797081",NA,0.301366591096728,0.0544321897392874
"cg18809289",NA,0.493588550099669,0.0286689408880126
"cg18826401",NA,0.0530021683336837,0.00636473507491272
"cg18860117",NA,0.0489406017362093,0.00543147413819516
"cg18872458",NA,0.04553631905633,0.00671144222473493
"cg18878791",NA,0.527999719934122,0.0149180654662264
"cg18888015",NA,-0.3228112874882,-0.0450758658124182
"cg18891224",NA,0.0707462565342887,0.0318533559140833
"cg18897345",NA,-1.21507147719165,-0.146995019731359
"cg18937321",NA,-1.09657664875267,-0.0302739111551737
"cg19084627",NA,0.536769214891001,0.0650791424915701
"cg19269615",NA,-0.194040786393345,-0.0378527923368662
"cg19298067",NA,-0.437048623680152,-0.0209386387612324
"cg19365356",NA,-1.4027928028507,-0.0980107204279689
"cg19368807",NA,0.0841105042305555,0.0402586587390401
"cg19438817",NA,0.0122553561267002,0.043950110733206
"cg19464362",NA,0.170135435429783,0.024939927015351
"cg19478000",NA,0.721146387907074,0.214910807035836
"cg19568727",NA,-0.122504887004246,-0.00832987329986089
"cg19597876",NA,0.000658856811436511,0.0440072721405082
"cg19631884",NA,0.810977138941948,0.110018287922704
"cg19702785",NA,0.331252822109783,0.0445513754505427
"cg19719141",NA,0.0282742204240643,0.00917130716568989
"cg19719713",NA,-0.03947964638062,-4.07609364255749e-05
"cg19868479",NA,-0.423043343751977,-0.0514945008803627
"cg19890585",NA,0.0671266993227706,0.0106896123879386
"cg19895248",NA,0.203658656347657,0.0115050124459226
"cg19898871",NA,-0.124059403462732,-0.00119811870857001
"cg19908562",NA,-0.974554283440165,-0.0906666071582313
"cg19912855",NA,-0.168671266343985,-0.0178412279293905
"cg19960197",NA,-0.0472502297721582,-0.0314289886970786
"cg20049544",NA,-0.31295171832416,-0.0395711399676548
"cg20124296",NA,1.39762279157763,0.154402510231096
"cg20177234",NA,0.057372765785719,0.00418631038824509
"cg20189614",NA,-0.0111379087020442,-0.00216001973311545
"cg20237793",NA,0.366606504315753,0.0515202169402532
"cg23691177",NA,0.0660122805321114,0.00545219327281107
"cg20298326",NA,0.235231741825915,0.0305414310706503
"cg20319037",NA,-0.055424160348118,-0.0465464546979085
"cg20349210",NA,-0.00069091515706325,-0.00379879799338013
"cg20381985",NA,-0.590090145746843,-0.0107069588488289
"cg20391023",NA,0.0187377683038012,0.0127107579769064
"cg20593457",NA,0.0587103730842804,0.0078670039218035
"cg20595453",NA,-0.0852369817694783,-0.027309075229419
"cg20619939",NA,0.260968723458578,0.0320966537761577
"cg20640572",NA,0.000247556214895848,0.00352407723424555
"cg20665157.2",NA,0.083566825422665,0.0223398180089674
"cg20709200",NA,-0.755239727151359,-0.103641926852825
"cg20766940",NA,0.0459402582001911,0.0293146610626606
"cg20821026",NA,-2.40165282365939,-0.42462484535135
"cg20829742",NA,-0.00528170274632425,-0.00926283073551912
"cg20863884",NA,0.0656059089109943,0.0285089965149876
"cg20916989",NA,0.020588894831404,0.00010325439325333
"cg21040165",NA,-0.20391509550739,-0.0168789113927583
"cg21081239",NA,-0.29203493215263,-0.0429409457661547
"cg21114513",NA,-0.114115734269609,-0.0182837142923225
"cg21201483",NA,-3.27990968861668,-0.317695558888022
"cg21219688",NA,0.270236996476855,0.067641031869109
"cg21222571",NA,-0.428307634422082,-0.0616863719494895
"cg21249517",NA,0.219660200504971,0.0251872892842753
"cg21262011",NA,-2.58410304942507,-0.0572632405967522
"cg21495909",NA,0.0791486386474893,0.0138028862526964
"cg21595475",NA,-0.351713303823198,-0.0418550645999166
"cg21596828",NA,0.129245296256053,0.0130845451328285
"cg21801378",NA,2.96126257260899,0.325674654450128
"cg21811092",NA,-5.55377802047344e-05,-0.000208194531494219
"cg21812916",NA,-1.14581681032342,-0.0616258407018851
"cg21815434",NA,-0.239731982240973,-0.0486959737223395
"cg21826256",NA,-0.181926783957728,-0.0417146914581727
"cg21932255",NA,0.076789755849662,0.00641336516777058
"cg21956876",NA,-0.304389079464924,-0.0126677157495045
"cg22044223",NA,-0.083908795689801,-0.00907636332936327
"cg22048239",NA,-0.829510484967411,-0.0650251761145535
"cg22097793",NA,-0.0508098917570891,-0.00783305890422328
"cg22100382",NA,0.0432315656315645,0.0031825884422184
"cg22177193",NA,0.508068015955497,0.0801358388439545
"cg22235058",NA,-0.129265427436435,-0.00579619804440504
"cg22262485",NA,0.0162729373610197,0.00281844388467931
"cg22358580",NA,1.2002473782991,0.136714441122381
"cg22373432",NA,0.215450382098533,0.0220438648285902
"cg22470076",NA,-0.0821918585485293,-0.00534299013400774
"cg22479660",NA,0.196094870435863,0.0281674989309316
"cg22507359",NA,-0.130790108241077,-0.00297929025621692
"cg22515205",NA,-0.373090511394408,-0.0426165439875429
"cg22600157",NA,-0.00858046918435621,-0.000835141290083335
"cg22616024",NA,-0.462718085191974,-0.00655500597793979
"cg22669570",NA,0.32158318334696,0.039298681316897
"cg22690127",NA,-2.00857321800146,-0.172649861173962
"cg22763089",NA,-0.0303791442411317,-0.00387927599041916
"cg22851420",NA,0.119477690989741,0.000509761443735056
"cg22952564",NA,-0.165605758687787,-0.0168967851719943
"cg22972685",NA,0.125959396156832,0.0217372803356097
"cg23003419",NA,-0.382946254344808,-8.23395418271245e-05
"cg23068476",NA,0.0063385476805376,0.00637942611094183
"cg23087015",NA,0.0455264503678784,0.000710283882849048
"cg23106931",NA,0.0350720996838484,0.00531561039229268
"cg23108693",NA,-0.1077590819139,-0.00391872040658646
"cg23124809",NA,-0.341994400774058,-0.00676580256758413
"cg23223379",NA,0.207506727093758,0.0256694663257313
"cg23244029",NA,-0.0142147104514552,-0.00670310566762302
"cg23349082",NA,-3.61703816250963,-0.575699132040302
"cg23352950",NA,0.0343769892625588,0.00536249966115704
"cg23419437",NA,-0.165817125100606,-0.01794764818288
"cg23449274",NA,0.13147690505716,0.0729235988448398
"cg23449725",NA,-0.00111347146673285,-0.0086028334924189
"cg23476887",NA,0.33658111453085,0.0448747638054397
"cg23507236",NA,0.0926260191439363,0.0136294228890306
"cg26699785",NA,-0.273361438577506,-0.0342454268863548
"cg23699324",NA,-0.0531565616717582,-0.00338478583664176
"cg23752476",NA,0.0805977551125539,0.0114627827827398
"cg23810523",NA,-1.17283554868805,-0.125102561116673
"cg23933618",NA,-1.50014668049067,-0.187376181164783
"cg23958856",NA,-0.0467167935142111,-0.0036015517264019
"cg23963604",NA,-1.35464001543358,-0.17575731592886
"cg23976215",NA,0.0415801632541188,0.00298843846620788
"cg23993631",NA,-0.0704104923115761,-0.00326839428003706
"cg24013823",NA,-0.220490073519256,-0.0257808026460495
"cg24078962",NA,-4.7360337735901e-06,-0.00341407626328092
"cg24096700",NA,0.455968352677797,0.070113019585924
"cg24104699",NA,0.0199892832572213,0.0162075566869975
"cg24203137",NA,0.0405878002473121,0.00186890107371848
"cg24266105",NA,0.296318754077562,0.0319434993335154
"cg24280720",NA,0.267695368331179,0.018961929790663
"cg24396988",NA,-0.0958775898134859,-0.0084054979606939
"cg24453866",NA,-0.426991057460726,-0.0764681988590436
"cg24488281",NA,-0.107887895240521,-0.0252135241641798
"cg24504442",NA,0.582612963942665,0.0653338586658395
"cg24570504",NA,-0.873804706328614,-0.0734029597113348
"cg24644551",NA,0.599122051116096,0.0869920464811443
"cg24663507",NA,0.0382084687479374,0.000286198586229069
"cg24677551",NA,-0.0460855906395495,-0.000134330003331768
"cg24712893",NA,-0.00773856379885071,-0.000579458473110974
"cg24790812",NA,0.0735832252170992,0.00965863594482917
"cg24824630",NA,-0.167472949643393,-0.0017946684910679
"cg24866418",NA,0.21407707969538,0.0245956319655294
"cg24897861",NA,-0.0796907592501562,-0.00887955769499809
"cg24905433",NA,-0.0560644510168145,-0.00986472372848209
"cg25000361",NA,0.0368581862695593,0.0825739501273151
"cg25152909",NA,-0.185601406628691,-0.0191786924753342
"cg25162386",NA,0.237063617158957,0.0508607826059829
"cg25215327",NA,-0.0277511758420523,-1.61998582518071e-05
"cg25217825",NA,-0.096526476690376,-0.000554959299397039
"cg25291023",NA,-1.15807328055425,-0.143558945897405
"cg25326740",NA,0.753085724115055,0.00123985871532737
"cg25361778",NA,0.0294046527122333,0.00386601705423878
"cg25485747",NA,-0.107712346538354,-0.0106920565451399
"cg25521979",NA,-0.0344806066283391,-0.00539197316403073
"cg25565338",NA,-2.04342619715488,-0.238031607266835
"cg25592264",NA,0.415260412564187,0.0484715862177192
"cg25649680",NA,0.432871552932947,0.0214552520723647
"cg25699407",NA,0.38932431563842,0.0776615093141577
"cg25722551",NA,-0.655761046472936,-0.161245841718609
"cg25767194",NA,0.0707526008582653,0.00385690360770259
"cg25841491",NA,0.194193888307417,0.00574140349479132
"cg25896754",NA,-2.60668025295527,-0.121250232820673
"cg25905455",NA,0.281781579854199,0.0173468098092422
"cg25928579.1",NA,-0.0391092171190379,-0.00722386684691617
"cg25929608",NA,0.0112933130088986,0.00305313381392104
"cg25947654",NA,-0.19537297076044,-0.0124425083367499
"cg26048456",NA,-0.0576519519062588,-0.0216997971078516
"cg26052854",NA,-0.18125000473002,-0.0179018207817526
"cg26120306",NA,-0.0405677602297963,-0.0215992316618811
"cg26148010",NA,0.257647061046291,0.0624390049509922
"cg26158731",NA,0.526813236874579,0.0596843169987508
"cg26233956",NA,-1.23216338288368,-0.192779271607372
"cg26284526",NA,-0.0487627015884098,-0.000859974785392336
"cg26286934",NA,0.0999670335883784,0.0164191332072094
"cg26369752",NA,0.0498958882243042,0.0114535930960881
"cg26391562",NA,-0.0658206283868333,-0.0179538949666236
"cg26429530",NA,0.0822735620831825,0.0338910183489681
"cg26450215",NA,-0.861021874428643,-0.0210129930875936
"cg26472243",NA,1.90112826366591,0.326866433326136
"cg26481779",NA,0.288987799494154,0.0734553240937342
"cg26496796",NA,0.333107351516123,0.0482333816843195
"cg26530506",NA,-0.009253178176503,-0.0137260847846753
"cg26607569",NA,0.0452671993694147,0.00206277753006407
"cg26614705",NA,0.0381442144802682,0.00556650399012125
"cg26650303",NA,-0.00345275765354526,-0.000841734126715001
"cg26652809",NA,0.633938696173727,0.0560155159927472
"cg26677826",NA,-0.192043886955395,-0.0260755511347489
"cg26736877",NA,0.954523989873475,0.0107371949944592
"cg26838924",NA,-0.704426922402348,-0.0105122731113382
"cg26841850",NA,-0.119321231656872,-0.0952257256872705
"cg26848592",NA,-0.324536763209693,-0.0320163182661344
"cg26869371",NA,-0.00844808905708027,-0.00574120325287367
"cg26903477",NA,6.47293181951938,0.767706624380121
"cg26987152",NA,-0.199496853778848,-0.0175586879901764
"cg27052685",NA,0.550947327649297,0.0363777796576724
"cg27073158",NA,-0.0901778067702799,-0.0268302256356728
"cg27088374",NA,-0.0601835099236641,-0.00121193438396342
"cg27152642",NA,-1.5495281443661,-0.269567339540296
"cg27168029",NA,-0.0412598388604868,-0.0196372364911203
"cg27196467",NA,-0.0269151077670019,-0.00962196410118406
"cg27201382",NA,1.4501883306561,0.115460457433713
"cg27205362",NA,-0.134540027780334,-0.00477456017835702
"cg27208811",NA,-0.16253658394732,-0.0102050834003038
"cg27248455",NA,-0.599751436721575,-0.0785000835472486
"cg27274433",NA,0.182516707084,0.0528057923773602
"cg27286591",NA,0.0872392316124334,0.0091611482515659
"cg27300575",NA,1.94225025457798,0.221069551408922
"cg27304736",NA,-0.47135784795051,-0.118486665876582
"cg27313020",NA,0.517909481612318,0.0190141360472453
"cg27441580",NA,-0.821597825764279,-0.355834060906649
"cg27386817",NA,-0.109027558178026,-0.0159731933004872
"cg27538829",NA,0.164201936710619,0.00196611211365222
"cg27582648",NA,-0.0526681580233413,-0.012552340548068
"cg27456337",NA,-0.101072117118338,-0.0334842084175829
"cg27531392",NA,-0.138570782428648,-0.0127171148731485
"cg27728043",NA,0.0016971647960004,0.00328120971993772
"cg17606981",NA,0.0681480016944138,NA
"cg08502797",NA,-0.0430837816535639,NA
"cg02916332",0.369060749011405,NA,NA
"cg00059486",0.62893731261123,NA,NA
"cg17760546",NA,0.00268604331053773,NA
"cg02898094",0.373980717727303,NA,NA
"cg06198114",0.0629141119415464,NA,NA
"cg03291757",0.26352026735372,NA,NA
"cg08630735",NA,0.070971620942262,NA
"cg04207566",0.984917900745904,NA,NA
"cg27171735",NA,-0.00581953250655964,NA
"cg07230616",-0.358111667257145,NA,NA
"cg07373156",0.342322078590953,NA,NA
"cg07537139",-0.626441760490084,NA,NA
"cg08750576",NA,0.235378656090527,NA
"cg08759703",NA,-0.00246997961642817,NA
"cg11275974",0.171910654417605,NA,NA
"cg11672180",0.702947325378809,NA,NA
"cg17829420",-0.0291599868458152,NA,NA
"cg12121908",0.0721546833770496,NA,NA
"cg12128839",0.85843080262183,NA,NA
"cg12351588",-0.347049526373418,NA,NA
"cg26507427",0.0452737813511504,NA,NA
"cg15529327",-0.139958427783921,NA,NA
"cg17224602",0.958493828567046,NA,NA
"cg17541971",-0.19707419721384,NA,NA
"cg18351805",-0.169373860426202,NA,NA
"cg19219102",-0.0854275695499829,NA,NA
"cg25502186",-0.0523654365972977,NA,NA
"cg26885340",0.194829205292101,NA,NA
"cg09155589",NA,1.13399595123587,NA
"cg18441295",NA,-0.354140033659573,NA
"cg00130134",NA,-0.00579519763274971,NA
"cg18444136",NA,-0.0127635302326124,NA
"cg00202194",NA,-0.0109510939460791,NA
"cg18462586",NA,-0.132046058011466,NA
"cg03342744",NA,-0.0104247896671456,NA
"cg21621248",NA,-0.199564329929797,NA
"cg00323590",NA,-1.16874159067194,NA
"cg09382847",NA,0.00174557136877137,NA
"cg00369852",NA,-0.134614595000531,NA
"cg03603326",NA,-0.122583278792754,NA
"cg00410898.2",NA,-0.0455077273937914,NA
"cg18560297",NA,-0.00891768011832388,NA
"cg21816821",NA,0.00337239886251496,NA
"cg00515235",NA,-0.0013238193665796,NA
"cg00516349",NA,0.0568083423092632,NA
"cg06472439",NA,0.0586267292625005,NA
"cg21937493",NA,-0.0247165859907864,NA
"cg09691053",NA,-0.0037423176594741,NA
"cg03833239",NA,9.2022171247973e-08,NA
"cg00592151",NA,0.0307308592956335,NA
"cg09839794",NA,0.0479722638898684,NA
"cg00663363",NA,0.00794578545627756,NA
"cg09955719",NA,0.0790193625671983,NA
"cg00694357",NA,-0.420351266893058,NA
"cg00731079",NA,0.081070311558296,NA
"cg04124729",NA,-0.0129834880585678,NA
"cg00774005",NA,-0.0421594666799908,NA
"cg04134624",NA,-0.139186447596578,NA
"cg06798470",NA,-0.0218317720019352,NA
"cg00874874",NA,-0.00744629737064381,NA
"cg00877739",NA,0.0111346372172187,NA
"cg10241757",NA,0.00948955201369976,NA
"cg22375533",NA,8.1408889459496e-05,NA
"cg19142100",NA,0.00795971213549517,NA
"cg00994804",NA,-0.0444547363023036,NA
"cg07056345",NA,0.000113221614588288,NA
"cg04291211",NA,-0.012102114482463,NA
"cg19337633",NA,0.0831504911721701,NA
"cg10462506",NA,0.131938697728518,NA
"cg10519052",NA,-0.0161035640567696,NA
"cg01193422",NA,0.00260680908734037,NA
"cg10535011",NA,0.0607596842614514,NA
"cg04412186",NA,0.0207689637727052,NA
"cg01202361",NA,0.0257991125188256,NA
"cg13700111",NA,-0.0641822918038761,NA
"cg01255800",NA,0.0378992952327382,NA
"cg10626997",NA,-2.33786505982169,NA
"cg01275157",NA,0.0516648447330905,NA
"cg01302905",NA,0.0106085010188105,NA
"cg01314094",NA,-0.002449782540704,NA
"cg10820947",NA,-0.0460668990853341,NA
"cg19629739",NA,0.0113267371983986,NA
"cg07555368",NA,0.343695611249487,NA
"cg19711579",NA,0.000993394608557226,NA
"cg01403803",NA,-0.344710223548257,NA
"cg04784307",NA,0.0267371757793628,NA
"cg01530159",NA,0.0507819477908716,NA
"cg01566077",NA,0.00739116733004532,NA
"cg11035922",NA,-0.00872163908733233,NA
"cg01626197",NA,0.0573760809627387,NA
"cg01650941",NA,-0.031258657473263,NA
"cg11105656",NA,-0.318489269612547,NA
"cg01686771",NA,0.0119211116183956,NA
"cg14113335",NA,-9.8212232922973e-05,NA
"cg11230220",NA,-0.00206998111528211,NA
"cg01756262",NA,0.0454153915939307,NA
"cg01784199",NA,0.224158873073878,NA
"cg01787584",NA,-0.077862847779401,NA
"cg20032980",NA,0.000953382460110538,NA
"cg23415880",NA,0.00201400887917279,NA
"cg20081193",NA,0.000106824801194045,NA
"cg11448896",NA,-0.00899246092229078,NA
"cg20091041",NA,0.00644493396674831,NA
"cg01996115",NA,-0.626946115874713,NA
"cg05110733",NA,-0.00368322210379836,NA
"cg11552482",NA,0.30348848735988,NA
"cg11583647",NA,0.000490262472635264,NA
"cg20277230",NA,0.097442180369802,NA
"cg02087737",NA,0.00739610785010408,NA
"cg11863330",NA,4.16245301457392e-05,NA
"cg05292023",NA,-0.00693590085403553,NA
"cg02153528",NA,-0.0718624354934624,NA
"cg02153665",NA,-0.00620925159415618,NA
"cg02157959",NA,0.0103448234598139,NA
"cg02170386",NA,-0.00966386314904147,NA
"cg20518176",NA,0.0817789762546589,NA
"cg02208027",NA,0.0948632339690839,NA
"cg02210084",NA,0.00523363123886059,NA
"cg12109502",NA,0.0846409704616194,NA
"cg12143541",NA,0.00109611251993032,NA
"cg02270531",NA,-0.028359307599972,NA
"cg02279188",NA,-0.000777260088495055,NA
"cg02292529",NA,-0.00389849723121902,NA
"cg02321644",NA,0.0587733895401216,NA
"cg20670041",NA,-0.0196932744047795,NA
"cg12238798",NA,-0.00660106223343318,NA
"cg02507211",NA,-0.0628138945842753,NA
"cg02515217",NA,0.0241999421133412,NA
"cg24224996",NA,-0.190646348748918,NA
"cg05602488",NA,-0.0304545807139094,NA
"cg12316900",NA,-0.0359645151763911,NA
"cg05656590",NA,-0.0705740910795357,NA
"cg20955022",NA,-0.216260070933152,NA
"cg02739710",NA,-0.00548380918539674,NA
"cg02753151",NA,0.000711924483323044,NA
"cg12438081",NA,0.118907325168283,NA
"cg02781709",NA,-0.0873417838801157,NA
"cg12462816",NA,0.000951429836500261,NA
"cg02903853",NA,-0.0677824424906478,NA
"cg15013603",NA,0.340015033027678,NA
"cg05895882",NA,-0.0176599316982458,NA
"cg05912002",NA,0.000345499762430918,NA
"cg21245002",NA,0.0639350891132238,NA
"cg18357583",NA,0.0155134069062288,NA
"cg21253032",NA,0.00488655143667027,NA
"cg21253335",NA,-0.0515938843305011,NA
"cg05940993",NA,-0.000230629638519433,NA
"cg21323511",NA,0.0296143371462592,NA
"cg21380560",NA,-0.967104325697341,NA
"cg21493516",NA,0.000595610200254548,NA
"cg03222030",NA,-0.00981085459438792,NA
"cg21502375",NA,0.00716090175996327,NA
"cg21508838",NA,0.00084000142086786,NA
"cg03334831",NA,0.0111341499911331,NA
"cg15436482",NA,0.0189395851820923,NA
"cg21583851",NA,-0.0462553236102472,NA
"cg06210673",NA,0.00572753509084742,NA
"cg12935781",NA,0.00548731085101513,NA
"cg06247149",NA,-0.0291146999345148,NA
"cg13023398",NA,-0.000124177004410179,NA
"cg06283493",NA,0.0190345419790779,NA
"cg13078590",NA,-0.00121444906902306,NA
"cg14652449",NA,-0.0186915719587096,NA
"cg06352855",NA,0.231548488429556,NA
"cg13106512",NA,0.0716087701461139,NA
"cg03734211",NA,-0.470288207294194,NA
"cg09640890",NA,-0.000951155394129261,NA
"cg15771070",NA,-0.00786859299477404,NA
"cg15787223",NA,0.00171779300395725,NA
"cg06621558",NA,-0.00207936220739055,NA
"cg03901956",NA,-0.000385248011710793,NA
"cg03918304",NA,-0.000193179572745191,NA
"cg22000069",NA,-0.0570735746465091,NA
"cg06708132",NA,0.0182827544024163,NA
"cg04084821",NA,0.084526727366637,NA
"cg04110765",NA,-0.010367656579668,NA
"cg06763662",NA,-0.070835981275288,NA
"cg04125700",NA,0.0444156077830328,NA
"cg16032864",NA,0.194467491218589,NA
"cg22202408",NA,-0.000126492673896017,NA
"cg04204168",NA,0.335976742211187,NA
"cg16134607",NA,-0.00368665953752674,NA
"cg04234156",NA,1.47910056001122,NA
"cg06956589",NA,-0.00489033322869031,NA
"cg04265576",NA,-0.00382346587923108,NA
"cg04268179",NA,0.0897241379883357,NA
"cg19182468",NA,0.660305477915801,NA
"cg16273788",NA,-0.0223808445941553,NA
"cg13613666",NA,-0.00729556559741546,NA
"cg25945416",NA,0.247179575630948,NA
"cg04337186",NA,-0.00110406110108753,NA
"cg13651176",NA,-0.117946250142115,NA
"cg22661206",NA,-0.100813369199582,NA
"cg19369305",NA,-0.0268717534938903,NA
"cg23939037",NA,-0.145907059512341,NA
"cg07254032",NA,0.0222088791509273,NA
"cg22805522",NA,-0.207546586289722,NA
"cg04469650",NA,0.00971316409415402,NA
"cg07425439",NA,-0.0465940805343572,NA
"cg13769268",NA,-0.0321596021089712,NA
"cg13777117",NA,0.064177908132767,NA
"cg22929401",NA,-0.0231610292812203,NA
"cg06310715",NA,-0.709134059081341,NA
"cg14670966",NA,0.000250325919461083,NA
"cg04706544",NA,0.00045364500900167,NA
"cg13916600",NA,0.00333130826733011,NA
"cg07639660",NA,-0.425739874807572,NA
"cg07672217",NA,-0.193980237816118,NA
"cg13969835",NA,0.0918814013438551,NA
"cg13973505",NA,-0.00108376957304785,NA
"cg08681849",NA,0.0297465542564288,NA
"cg04927889",NA,0.0867762726335986,NA
"cg14006844",NA,-0.122966593238179,NA
"cg04958293",NA,-0.000591939246218941,NA
"cg16825416",NA,-0.00471218413519518,NA
"cg04987984",NA,-0.0346615935760707,NA
"cg14154885",NA,0.0972230019086659,NA
"cg14190856",NA,-0.319279147106749,NA
"cg05006349",NA,0.0393871242609281,NA
"cg16937191",NA,-0.0269393218922165,NA
"cg07938834",NA,0.339647318250092,NA
"cg14368704",NA,-0.00896078179895624,NA
"cg14368732",NA,-0.000539961459487338,NA
"cg26616840",NA,-0.356781487599028,NA
"cg14403768",NA,-0.103751676421633,NA
"cg08146609",NA,-0.000361761296808834,NA
"cg14438983",NA,0.0111669957983535,NA
"cg23655167",NA,0.0723684465062778,NA
"cg08159005",NA,0.121889699412106,NA
"cg27376149",NA,-0.493160948792724,NA
"cg23713764",NA,-0.00777373594359009,NA
"cg26793710",NA,0.695058747943329,NA
"cg08215831",NA,0.0599276393244786,NA
"cg14522627",NA,-0.0571617980871093,NA
"cg15428228",NA,0.00116825486931447,NA
"cg05339574",NA,0.0502322245013935,NA
"cg05341330",NA,0.000420322725023576,NA
"cg14550426",NA,0.026366260828872,NA
"cg23985931",NA,0.0830884441536408,NA
"cg05388899",NA,0.0185407064387485,NA
"cg05396010",NA,0.0245516276520788,NA
"cg05396320",NA,0.00519302260381433,NA
"cg22875689",NA,0.0348216615371699,NA
"cg12163477",NA,-0.00149578426381822,NA
"cg17749256",NA,0.220834392627305,NA
"cg14703691",NA,-0.00556082300572772,NA
"cg24105939",NA,0.0300760563221743,NA
"cg24158964",NA,-0.0613205566645382,NA
"cg27152481",NA,-0.0119113144824552,NA
"cg20802456",NA,-4.69008950572898e-05,NA
"cg18691948",NA,0.519368366051959,NA
"cg24244412",NA,-0.000399274681541991,NA
"cg18007006",NA,-0.205838335061321,NA
"cg14852839",NA,-0.000360362187615831,NA
"cg24384497",NA,0.225662991116819,NA
"cg18081750",NA,-0.905967523572956,NA
"cg05750171",NA,0.175408494340582,NA
"cg14991111",NA,0.0173846739257408,NA
"cg14992209",NA,-0.173999897879075,NA
"cg05861987",NA,0.00145082894730325,NA
"cg08874396",NA,-0.0101522843820949,NA
"cg24534517",NA,-0.137785984801905,NA
"cg27287578",NA,-0.0874343582428436,NA
"cg27291552",NA,-0.00435621255174734,NA
"cg18961099",NA,-0.0663614648884113,NA
"cg08933237",NA,-0.131798345040071,NA
"cg15182157",NA,-0.00208501106986759,NA
"cg09058615",NA,0.00756563123978106,NA
"cg15216075",NA,-0.00190738075628934,NA
"cg15217778",NA,-0.00503592311641306,NA
"cg05968532",NA,-0.0691059724026283,NA
"cg05970544",NA,0.0265029773252103,NA
"cg15336560",NA,0.00023184191177639,NA
"cg06154860",NA,0.078711462733973,NA
"cg08215925",NA,0.155354588661858,NA
"cg27725290",NA,-0.121620696947838,NA
"cg08232037",NA,-0.0386512052847997,NA
"cg07356745.1",NA,-0.00827073612220214,NA
"cg06214109",NA,0.385435765265618,NA
"cg21777134",NA,3.09000109712874e-05,NA
"cg25237345",NA,-0.00682237646303167,NA
"cg09403176",NA,-0.0575018986541116,NA
"cg27022627",NA,0.247429161258653,NA
"cg14636956",NA,0.00503500846133144,NA
"cg08515724",NA,-0.0769613292592543,NA
"cg06391736",NA,0.0276246661223397,NA
"cg06452118",NA,-0.00229021519379965,NA
"cg21854393",NA,0.212401984752711,NA
"cg25477526",NA,-0.033919094945184,NA
"cg16739697",NA,-0.0240389315020003,NA
"cg26357520",NA,0.0305347954272719,NA
"cg25563325",NA,-0.116747007312955,NA
"cg06676932",NA,0.0300962291237827,NA
"cg25582093",NA,0.0665406528833848,NA
"cg16811337",NA,0.0607937002314745,NA
"cg25616152",NA,0.105260022112013,NA
"cg25642165",NA,0.0289026077553916,NA
"cg10052840",NA,-0.00218517330263377,NA
"cg25682023",NA,-0.0162985317080347,NA
"cg10089091",NA,0.580145127355204,NA
"cg11321459",NA,-0.000321127781858965,NA
"cg25762464",NA,-0.0343121798546693,NA
"cg16938552",NA,-0.0626551039857524,NA
"cg06940357",NA,0.0289043917850802,NA
"cg15063099",NA,0.198651908962534,NA
"cg16198067",NA,-0.0388308378241663,NA
"cg07026794",NA,-0.0569744841215919,NA
"cg16208240",NA,-0.305572847870606,NA
"cg16270526",NA,-0.10185967619323,NA
"cg13525872",NA,-0.0115006807172829,NA
"cg22490018",NA,-0.0381675255690687,NA
"cg07211246",NA,0.0170523465917269,NA
"cg07228206",NA,0.0862753159626767,NA
"cg26042044",NA,-0.107400742287375,NA
"cg18442545",NA,0.448143334084137,NA
"cg17323990",NA,-0.382117283517646,NA
"cg12887144",NA,-0.00809491273441511,NA
"cg20435403",NA,-0.000943540269475002,NA
"cg26085186",NA,0.161415419347979,NA
"cg19532771",NA,-0.271456666164897,NA
"cg16531937",NA,-0.0738789272480851,NA
"cg26138622",NA,0.0058663874773018,NA
"cg21810283",NA,-0.0867363788531784,NA
"cg22825729",NA,-0.846504583406496,NA
"cg24068112",NA,3.55122362441594e-05,NA
"cg07587072",NA,-0.773734376168469,NA
"cg16691593",NA,-0.0048582514530495,NA
"cg23006178",NA,0.00407683503504731,NA
"cg23045679",NA,-0.0829595658618271,NA
"cg25455370",NA,-0.498191405445927,NA
"cg10983579",NA,0.000841576827687254,NA
"cg19826361",NA,-0.0544938803099436,NA
"cg07774884",NA,-0.148590535005433,NA
"cg07793308",NA,-1.38328029927726,NA
"cg08711810",NA,0.115268884258615,NA
"cg11134720",NA,0.195687950716207,NA
"cg16847788",NA,-0.000167049049389824,NA
"cg07863286",NA,0.0284250659995901,NA
"cg07891322",NA,0.00339513032171167,NA
"cg16903788",NA,0.000933117590748546,NA
"cg27267278",NA,0.000574059480577491,NA
"cg20008614",NA,0.0524313540600873,NA
"cg18281552",NA,-0.133490821390006,NA
"cg17027938",NA,-0.0316066229269232,NA
"cg25149191",NA,0.041837564698905,NA
"cg16160648",NA,0.00130685018970347,NA
"cg25773508",NA,-0.0246400153515277,NA
"cg08153570",NA,0.0652150602342804,NA
"cg08153819",NA,-0.00378350123564592,NA
"cg24782168",NA,-0.0369428341367945,NA
"cg09122150",NA,-0.0111218858709005,NA
"cg08180952",NA,0.030334058276404,NA
"cg26773387",NA,-0.00920396415667844,NA
"cg12836276",NA,0.169827607375719,NA
"cg25966893",NA,0.0195090493566451,NA
"cg20350153",NA,0.0309561083138325,NA
"cg26799063",NA,0.0290886652606834,NA
"cg24546207",NA,0.0939229130624986,NA
"cg17458251",NA,-0.395115837893933,NA
"cg08281622",NA,0.000995027794798094,NA
"cg08333594",NA,1.36333833821539,NA
"cg17562187",NA,-0.000337534835070453,NA
"cg22862920",NA,0.000244912474794708,NA
"cg12422325",NA,-0.00174035248984712,NA
"cg26947144",NA,-0.0153397809233008,NA
"cg12172899",NA,-0.0649842905973168,NA
"cg12207450",NA,-0.0316839836718497,NA
"cg17879189",NA,-0.00415493841560461,NA
"cg08627730",NA,0.00495748102307633,NA
"cg16723927",NA,0.0575758055942699,NA
"cg27129843",NA,-0.000200385864419386,NA
"cg16725457",NA,0.00214266133746791,NA
"cg27169779",NA,-0.085297544477898,NA
"cg18770859",NA,-0.0712581916594548,NA
"cg21993706.1",NA,0.0229723043985621,NA
"cg24380824",NA,-0.194399045869946,NA
"cg20202572",NA,0.0125943028458895,NA
"cg27218009",NA,-0.0326970831264982,NA
"cg08783087",NA,0.0318231374547896,NA
"cg08866841",NA,-0.00026831106522034,NA
"cg11276202",NA,-0.0157433519990216,NA
"cg12476049",NA,-0.00937699461188217,NA
"cg16072061",NA,-0.152153677158855,NA
"cg14995160",NA,0.053236616852588,NA
"cg21173104",NA,0.0312985395294799,NA
"cg26054404",NA,-0.0376460954330265,NA
"cg15545854",NA,-0.693759521221378,NA
"cg08955338",NA,-0.00785105540126886,NA
"cg22443103",NA,-0.0191276424023757,NA
"cg26923156",NA,0.0440085803706554,NA
"cg18387014",NA,-1.51504897867715,NA
"cg27391649",NA,-0.0278020399648721,NA
"cg27393398",NA,0.036250199926406,NA
"cg16297767",NA,0.0104627520902305,NA
"cg09610373",NA,0.0037400611070102,NA
"cg15714292",NA,-0.000520473020109196,NA
"cg26283807",NA,-0.0568870769734271,NA
"cg25431896",NA,-0.119474759340246,NA
"cg16882430",NA,-0.0116901901610994,NA
"cg13228051",NA,0.00176696147651922,NA
"cg15574290",NA,0.0185207472001297,NA
"cg18502095",NA,0.022808851007232,NA
"cg23192185",NA,-0.00856228466981645,NA
"cg18821963",NA,0.000378351656336386,NA
"cg09973880",NA,-0.145235851939982,NA
"cg12169122",NA,0.00512031645207064,NA
"cg25406034",NA,-0.0471378370583115,NA
"cg24470719",NA,-0.0285165006938588,NA
"cg14266291",NA,0.0413181397072022,NA
"cg23346072",NA,-0.0807077332726319,NA
"cg26499416",NA,0.180696869032018,NA
"cg15694685",NA,0.0118207365145804,NA
"cg14528339",NA,0.00796438633922493,NA
"cg11040210",NA,-0.00852587196996357,NA
"cg11105442",NA,0.0147238925913882,NA
"cg26669109",NA,0.0155605661932181,NA
"cg25235127",NA,-0.00281012631721872,NA
"cg23647082",NA,-0.231671800188872,NA
"cg23245556",NA,-0.00429403383919136,NA
"cg13366102",NA,0.0394686128332323,NA
"cg26191916",NA,-0.0397029352014737,NA
"cg27071008",NA,0.00770667841071671,NA
"cg20621276",NA,0.00053608921270732,NA
"cg20669971",NA,-0.00122797960925974,NA
"cg19547243",NA,-0.011552303968941,NA
"cg13990083",NA,-0.000483768923449946,NA
"cg10616581",NA,0.00449597281840279,NA
"cg13474388",NA,-0.0520457809709448,NA
"cg19357997",NA,0.0290068644088128,NA
"cg19915213",NA,0.00887968158727765,NA
"cg26390542",NA,-0.0745668460812351,NA
"cg27373622",NA,-0.00463895996639611,NA
"cg27244652",NA,-0.0420370749213063,NA
"cg21989377",NA,-0.0295531217320408,NA
"cg23344477",NA,-0.388220030787985,NA
"cg24075169",NA,0.1640853491976,NA
"cg13739934",NA,-0.0599155568683621,NA
"cg21032275",NA,-0.00393198378520186,NA
"cg18364721",NA,0.0949390204919714,NA
"cg19759021",NA,0.194762502726317,NA
"cg15958715",NA,0.0550337561141016,NA
"cg15825447",NA,-0.00327074891013902,NA
"cg11830277",NA,0.000406178090991401,NA
"cg26112578",NA,0.00577164726919965,NA
"cg21985117",NA,-0.0283765844672538,NA
"cg25533817",NA,0.191513317767025,NA
"cg12041561",NA,0.0115060345741263,NA
"cg17667578",NA,-0.0347445104409764,NA
"cg21026697",NA,-0.00677702296599219,NA
"cg25883288",NA,-1.01305733766927,NA
"cg26672023",NA,0.0303146647742972,NA
"cg17475635",NA,0.000264832574962915,NA
"cg26072973",NA,-0.0219505759969274,NA
"cg17334475",NA,-0.0834647127524336,NA
"cg13341299",NA,0.000742628390604177,NA
"cg20538492",NA,-0.0110141997023609,NA
"cg26285771",NA,0.0181000783254313,NA
"cg19514725",NA,0.0022668925914051,NA
"cg19869157",NA,-0.180746081118267,NA
"cg03892212",NA,NA,0.0072394876976585
"cg03913353",NA,NA,0.0391282774671084
"cg00111333",NA,NA,0.0545933134621769
"cg00187380",NA,NA,-0.0152513851133421
"cg04019669",NA,NA,-0.0147217676422343
"cg00234378",NA,NA,0.00598907988321678
"cg08931702",NA,NA,0.000474776762065258
"cg07718342",NA,NA,-0.122382784725229
"cg07747635",NA,NA,0.00109234555920593
"cg00316483",NA,NA,-0.00168554500164871
"cg01533729",NA,NA,-0.0376172239873575
"cg00349375",NA,NA,-0.00944805633666684
"cg15329972",NA,NA,7.43386284150101e-05
"cg04351740",NA,NA,0.00167672751868054
"cg07840912",NA,NA,-0.0468289717202084
"cg00519323",NA,NA,0.000646512578480527
"cg04416734",NA,NA,-0.00600342084424851
"cg04422341",NA,NA,-0.015616031051572
"cg04425443",NA,NA,0.0445716048772305
"cg08031330",NA,NA,-0.0125812785210702
"cg00597234",NA,NA,0.00310043249649121
"cg08058566",NA,NA,0.031037745393961
"cg15708373",NA,NA,0.172791542442991
"cg00738648",NA,NA,-0.00554662027150217
"cg15813523",NA,NA,-0.000646215095779918
"cg04586876",NA,NA,-0.00392165397983701
"cg04589802",NA,NA,0.00023353837390816
"cg19490575",NA,NA,0.0956976786391326
"cg00865002",NA,NA,-0.000527402457387108
"cg04632369",NA,NA,0.0593117693728677
"cg24978660",NA,NA,-0.0185213222267875
"cg27311945",NA,NA,0.00317338015264184
"cg04759679",NA,NA,0.0550339221945214
"cg08498897",NA,NA,0.0257046135882182
"cg04841737",NA,NA,0.0114740491164918
"cg16052516",NA,NA,0.0376227671557339
"cg02487354",NA,NA,0.00814080932195398
"cg01158430",NA,NA,-0.055110063203513
"cg01169651",NA,NA,-0.000187503325026489
"cg12934154",NA,NA,-0.233087159370029
"cg04960033",NA,NA,-0.273410238695909
"cg10230808",NA,NA,0.00121341573640659
"cg12967137",NA,NA,-0.0176280988221143
"cg01273460",NA,NA,0.00223718926487106
"cg27603860",NA,NA,-0.000194832283954598
"cg01343704",NA,NA,-0.0201483834618113
"cg02764039",NA,NA,0.0241501129102667
"cg08958284",NA,NA,-0.0221678116028167
"cg02786186",NA,NA,0.0527699408727925
"cg09099888",NA,NA,0.00151128958397644
"cg02907113",NA,NA,0.000104576739646639
"cg05146200",NA,NA,-0.000369289794010934
"cg20266585",NA,NA,-0.0313059796879446
"cg13228882",NA,NA,-0.000959458742528925
"cg05200513",NA,NA,-1.42142600169083e-05
"cg01802683",NA,NA,-0.000451260735013794
"cg16688387",NA,NA,-0.00184020029574811
"cg05296643",NA,NA,0.0137187366106763
"cg06405929",NA,NA,0.00659866475247669
"cg09266650",NA,NA,0.000946991520998573
"cg01901100",NA,NA,-0.0041333938052139
"cg18301725",NA,NA,0.0231211893598163
"cg02017534",NA,NA,-0.0275045597032936
"cg03197661",NA,NA,-0.0135430714520137
"cg17065193",NA,NA,0.00261164104078453
"cg03219317",NA,NA,0.000663203623604405
"cg13472501",NA,NA,0.0341242492300608
"cg09718446",NA,NA,0.0801550803765633
"cg18380761",NA,NA,0.0119345549516408
"cg05543909",NA,NA,-0.0228470066144253
"cg06901478",NA,NA,-0.108110911214182
"cg09837345",NA,NA,-0.0353809410811678
"cg02293439",NA,NA,-2.22853842354087e-05
"cg05661521",NA,NA,-0.131762681390417
"cg02387898",NA,NA,-0.00267060507385186
"cg10033233",NA,NA,0.00321008609674504
"cg03724518",NA,NA,-0.152117536582289
"cg17325863",NA,NA,0.00337887253959339
"cg11730351",NA,NA,0.00521138248466385
"cg02579003",NA,NA,-0.0400958190969539
"cg13783485",NA,NA,0.0132528148855502
"cg14852737",NA,NA,0.00358102884726531
"cg02650385",NA,NA,-0.0137821636772659
"cg02661453",NA,NA,0.0422421533129669
"cg02736176",NA,NA,0.0549954558981416
"cg17779362",NA,NA,-0.00171303673167119
"cg15007115",NA,NA,0.168768747999473
"cg21571952",NA,NA,0.000720089917570894
"cg12026556",NA,NA,-0.00507147061315124
"cg14015282",NA,NA,0.00266882556986911
"cg12135913",NA,NA,-0.00654987344038543
"cg21799207",NA,NA,0.00342105702436928
"cg06250511",NA,NA,0.000564973440562099
"cg02951257",NA,NA,-0.0212475124448679
"cg14250129",NA,NA,0.0153042911807892
"cg06272543",NA,NA,0.00667651290416285
"cg14309858",NA,NA,-0.000661196453694832
"cg03053409",NA,NA,0.00355582498455412
"cg12325485",NA,NA,-0.00535877628740014
"cg23366974",NA,NA,-0.0805872286687651
"cg18278595",NA,NA,-0.0013369674719345
"cg08056859",NA,NA,0.00329953801167502
"cg10932466",NA,NA,-0.00849343606294504
"cg19382919",NA,NA,0.00119598827941691
"cg18333000",NA,NA,0.0369239310126326
"cg23488193",NA,NA,-0.000652258368248242
"cg11089744",NA,NA,0.0334447170756485
"cg11132800",NA,NA,0.00199724285721392
"cg23595572",NA,NA,0.000400754096669649
"cg06889609",NA,NA,-0.0137385108742476
"cg08249359",NA,NA,0.00513566294377509
"cg06904135",NA,NA,-0.131874067980484
"cg26364230",NA,NA,0.00302489096385989
"cg26375445",NA,NA,-0.0295009068974918
"cg14728312",NA,NA,0.00392218026855566
"cg22553557",NA,NA,-0.0410593448196275
"cg23864825",NA,NA,0.000709981401054672
"cg11684660",NA,NA,-0.0105214489876297
"cg19795032",NA,NA,0.0164043130745406
"cg04927173",NA,NA,-0.00143566934593689
"cg07304121",NA,NA,-0.0487434011496732
"cg16288777",NA,NA,0.0804243017870486
"cg13802770",NA,NA,0.0194992026381454
"cg11980067",NA,NA,-0.000396271852059798
"cg14885144",NA,NA,-0.00258988588924789
"cg05949171",NA,NA,-0.0188937801941958
"cg27625359",NA,NA,-0.00181529687871644
"cg13138986",NA,NA,-0.0027832358005515
"cg24191230",NA,NA,-0.00465437370537047
"cg06060272",NA,NA,0.0167658441231296
"cg13165311",NA,NA,0.00280404206340445
"cg13175487",NA,NA,0.00148332033380349
"cg21758028",NA,NA,-0.0470736882144486
"cg23185247",NA,NA,0.0271234168260218
"cg12260093",NA,NA,0.0433003683444521
"cg16670979",NA,NA,-0.00449844117198678
"cg07843568",NA,NA,-0.00296134518650833
"cg12304261",NA,NA,-0.0152396491851817
"cg06355132",NA,NA,0.000293325013997987
"cg18228590",NA,NA,0.00173679827862256
"cg23402580",NA,NA,-0.0374175097206152
"cg09276953",NA,NA,0.0103548586527455
"cg26039576",NA,NA,-0.0159489529403664
"cg16925918",NA,NA,-0.220570037404265
"cg04518304",NA,NA,0.00622122315936448
"cg20654074",NA,NA,-0.00642533514592061
"cg24866247",NA,NA,-0.00343440302219432
"cg15885344",NA,NA,9.63259597986808e-05
"cg18371171",NA,NA,-0.0299569408935726
"cg19504568",NA,NA,0.00275455982831499
"cg09800018",NA,NA,-0.0336158907387679
"cg11275402",NA,NA,-0.0433177939290409
"cg22465235",NA,NA,0.0104837576551147
"cg20997314",NA,NA,-0.0105964820571907
"cg19672145",NA,NA,0.00763838083709141
"cg12808364",NA,NA,0.00996054187857335
"cg13709380",NA,NA,0.00550584339647367
"cg21162812",NA,NA,0.00325175482466844
"cg18502834",NA,NA,-0.036448462939087
"cg22608267",NA,NA,-0.00497463645014709
"cg27492942",NA,NA,-0.0380115748537228
"cg25306428",NA,NA,-0.0138309429866833
"cg27495216",NA,NA,-0.00454769690933984
"cg24044043",NA,NA,-0.248977268179335
"cg21345304",NA,NA,0.0176042620819612
"cg22951079",NA,NA,-0.0027837169987426
"cg21448923",NA,NA,0.00484848434656935
"cg17860485",NA,NA,-0.0371538436868329
"cg24171637",NA,NA,-0.0838736178495028
"cg27626343",NA,NA,-0.00127355462225366
"cg25603344",NA,NA,-0.0143349178710071
"cg10429476",NA,NA,-0.0503345917371272
"cg20188742",NA,NA,0.0261283819027141
"cg14150289",NA,NA,-0.0782267129615522
"cg06254866",NA,NA,-0.000560257333737248
"cg18086697",NA,NA,-0.000110837398092209
"cg20303044",NA,NA,-0.0454624327524292
"cg21815808",NA,NA,0.165724089362574
"cg15944174",NA,NA,-0.125005702711038
"cg27123709",NA,NA,0.036423630158627
"cg20546446",NA,NA,0.00096188114516601
"cg25960707",NA,NA,-0.00360943622479465
"cg12372060",NA,NA,0.0845812338721472
"cg16030437",NA,NA,0.0488747667269836
"cg07180649",NA,NA,-0.00141079850938119
"cg19383871",NA,NA,-0.0017437470510944
"cg14603973",NA,NA,-0.0130603239533083
"cg24896496",NA,NA,0.000411776599252957
"cg23536970",NA,NA,0.00235532004303731
"cg26275987",NA,NA,0.440953238367121
"cg17239331",NA,NA,-0.00943898117940331
"cg18595968",NA,NA,-0.0159392161067629
"cg19553651",NA,NA,-0.00270563188288677
"cg23668389",NA,NA,-0.0151051722561031
"cg25210850",NA,NA,0.00205959425559255
"cg10010424",NA,NA,0.0212446453093737
"cg23801792",NA,NA,-0.00486221459057116
"cg27349047",NA,NA,0.015912835948208
"cg17363541",NA,NA,-0.0207174689521103
"cg17443147",NA,NA,0.000638772848302686
"cg10187384",NA,NA,0.00342764737313851
"cg11829696",NA,NA,-0.0462702514638291
"cg10263594",NA,NA,-0.144223813629181
"cg26680745",NA,NA,0.00300048635821956
"cg23629468",NA,NA,-0.00478530510962808
"cg25472733",NA,NA,-0.0401081786322349
"cg25121110",NA,NA,3.34560828728366e-05
"cg16545019",NA,NA,-2.72046071734905e-05
"cg25560333",NA,NA,-0.00443164601403554
"cg21447117",NA,NA,-0.0236069926461767
"cg19822981",NA,NA,-0.103979515883984
"cg23211163",NA,NA,-0.104439071150013
"cg14161220",NA,NA,-0.00087245533166777
"cg24246109",NA,NA,-0.00774722756910663
"cg13528652",NA,NA,0.022643672974887
"cg17174379",NA,NA,0.0819150975434977
"cg24955520",NA,NA,-0.0388700145948476
"cg27161939",NA,NA,0.00131297970969775
"cg24667177",NA,NA,-0.000585814146289098
"cg21258436",NA,NA,-0.0129369918918917
"cg27394581",NA,NA,-0.0137767403604281
"cg27491295",NA,NA,0.00679428821228566
"cg25096561",NA,NA,-0.0107484261908326
"cg17659328",NA,NA,-0.0163077605120369
"cg13766016",NA,NA,-7.03657704615552e-05
"cg27290535",NA,NA,0.00582005881546343
"cg22851692",NA,NA,0.000191519979926706
"cg22376688",NA,NA,0.00107237866113637
