"var","OpossumPanTissue","HumanOpossumAgeLogLinear","HumanOpossumRelativeAge","TasmanianDevilEar","MacropusBlood","RedKangarooBlood"
"(Intercept)",6.72677169014995,10.4842064743931,1.73113130626002,26.6980765509195,18.5198649669514,22.7211499418376
"cg09351648",NA,NA,NA,NA,-1.88379138457693,-1.35250865961121
"cg00559067",NA,NA,NA,NA,4.48430917296842,2.4515386983953
"cg26405606",NA,NA,NA,NA,-2.49992535232873,-5.76627401467803
"cg18664554",NA,NA,NA,NA,-0.723493220750457,-1.32763994745701
"cg07032889",NA,-0.286482880085849,-0.0459750923585226,NA,NA,NA
"cg04268179",NA,0.703228230239947,0.0728964483983288,NA,3.3220957445011,NA
"cg13673047",NA,-2.83355583372768,-0.391166393204371,NA,-4.72791920739214,NA
"cg18910772",NA,0.138932450528753,NA,NA,-5.79891747681513,NA
"cg18577444",NA,-0.0865345507829015,NA,NA,-1.71826727271298,NA
"cg11121987",NA,0.0302709436054492,NA,NA,0.344291850100691,NA
"cg07425439",NA,-0.0117965484135654,-0.00272443139164124,NA,NA,NA
"cg07493901",NA,-4.93584151267862,-0.473829933882978,NA,NA,NA
"cg09410314",0.121624649738148,-0.968063291969799,-0.103650079956743,NA,NA,NA
"cg17417202",3.40332661275139,1.91260751636038,0.513051180183278,NA,NA,NA
"cg02391262",NA,-6.66961285583958,-0.744846378919062,NA,NA,NA
"cg03740978",NA,0.804942863973025,0.0921205261144021,NA,NA,NA
"cg04414148",NA,-0.197412330833805,-0.0195840817720047,NA,NA,NA
"cg05270634",NA,-0.257680847259778,-0.0385060555496141,NA,NA,NA
"cg12651099",NA,0.401956727837354,0.0559220977700471,NA,NA,NA
"cg14551953",NA,0.0343642057417806,0.00153719873598543,NA,NA,NA
"cg16754079",NA,1.02408987292276,0.209443321677961,NA,NA,NA
"cg17924340",NA,-0.472946320737245,-0.0610243017281123,NA,NA,NA
"cg17954486",NA,0.153595011973178,0.00544162150706442,NA,NA,NA
"cg19908562",NA,-0.172405493362669,-0.0647898292756314,NA,NA,NA
"cg03098892",NA,0.0372053270991743,0.0793955162013587,NA,NA,NA
"cg03190580",NA,-0.13647918458825,-0.0357927327323302,NA,NA,NA
"cg04858180",NA,1.1985298593472,0.245986426829343,NA,NA,NA
"cg05709691",NA,-0.709364283164698,-0.0519496386346886,NA,NA,NA
"cg09915949",NA,-5.21014490877578,-0.737464646431049,NA,NA,NA
"cg12322642",NA,0.130891286538082,0.0241833051973846,NA,NA,NA
"cg12501063",NA,0.464134423993072,0.0678824813818415,NA,NA,NA
"cg14155184",NA,-0.123105131900402,-0.0623254635364392,NA,NA,NA
"cg18060631",NA,-0.1075321716218,-0.0011521400940703,NA,NA,NA
"cg18755005",NA,0.42690110757584,0.0468039571057668,NA,NA,NA
"cg20734524",NA,-0.360215604288739,-0.0346465150806012,NA,NA,NA
"cg25669297",NA,1.3367197389764,0.469765620020239,NA,NA,NA
"cg26140919",NA,0.226262341522639,0.321688171431166,NA,NA,NA
"cg26736877",NA,4.92326286448468,0.622609501829779,NA,NA,NA
"cg00111333",NA,0.601628261995049,0.0558572216852053,NA,NA,NA
"cg00130134",NA,-0.129370409788702,-0.0164010525859769,NA,NA,NA
"cg00484915",NA,0.100240806826873,0.00287565762566027,NA,NA,NA
"cg00516349",NA,0.276037555018225,0.0502844478776098,NA,NA,NA
"cg00571722",NA,0.358515785741651,0.0485775481721255,NA,NA,NA
"cg00674815",NA,-0.600528810330924,-0.0435818722139029,NA,NA,NA
"cg00738648",NA,-0.131012962767207,-0.0147142736388686,NA,NA,NA
"cg00791863",NA,-0.15577405610749,-0.0250242546481251,NA,NA,NA
"cg00857360",NA,-0.116810018412317,-0.0110524762196148,NA,NA,NA
"cg00915647",NA,0.0383921071999543,0.000466414220112655,NA,NA,NA
"cg01054501",NA,0.184876763355307,0.0373310280512197,NA,NA,NA
"cg01066008",NA,-0.0306733806672819,-0.0081131237814133,NA,NA,NA
"cg01085196",NA,-0.0545374390506877,-0.0168873853771488,NA,NA,NA
"cg01327047",NA,0.164809820511878,0.0341716331413184,NA,NA,NA
"cg01351663",NA,0.367546756114131,0.050994435311429,NA,NA,NA
"cg01374277",NA,-0.251943837946697,-0.0417204984462141,NA,NA,NA
"cg01572513",NA,0.181596712666893,0.0261019589538087,NA,NA,NA
"cg01650941",NA,-1.12684952339096,-0.143903033962744,NA,NA,NA
"cg01657263",NA,0.172919421525221,0.0297159491414703,NA,NA,NA
"cg01695075",NA,0.353397164295176,0.0112492853629338,NA,NA,NA
"cg01712842",NA,1.98977221702671,0.239541496890935,NA,NA,NA
"cg01717800",NA,-1.4961726282316,-0.341932935464948,NA,NA,NA
"cg01772217",NA,-0.352796685905634,-0.0462973552990723,NA,NA,NA
"cg01802683",NA,-0.604056292900268,-0.0996179014194215,NA,NA,NA
"cg01931319",NA,0.739660221602068,0.144360969454232,NA,NA,NA
"cg01996115",NA,-1.29803922950583,-0.00143624630928427,NA,NA,NA
"cg02037503",NA,0.435671103103029,0.0414999212002804,NA,NA,NA
"cg02056060",NA,0.135796552271224,0.0226397051111847,NA,NA,NA
"cg02125974",NA,-0.46735831074605,-0.0189966447183566,NA,NA,NA
"cg02187860",NA,-0.224848384703632,-0.0399262278257379,NA,NA,NA
"cg02270531",NA,-0.082152202634257,-0.00851065269120491,NA,NA,NA
"cg02280829",NA,-0.921788588074073,-0.239728323227987,NA,NA,NA
"cg02292529",NA,-0.905053236975196,-0.104830929307928,NA,NA,NA
"cg02439040",NA,-0.0991462125728937,-0.00537649386682453,NA,NA,NA
"cg02604675",NA,-1.43908458562498,-0.191060152465748,NA,NA,NA
"cg02737031",NA,-0.126691468167624,-0.010098862424715,NA,NA,NA
"cg02897704",NA,-1.16202573744464,-0.0688195973616821,NA,NA,NA
"cg03008741",NA,0.263267979848679,0.00278519163253795,NA,NA,NA
"cg03214473",NA,-1.07823752345826,-0.13016502644667,NA,NA,NA
"cg03533765",NA,0.370381083585269,0.0399288048372696,NA,NA,NA
"cg03638659",NA,0.110832002566495,0.00838294510302404,NA,NA,NA
"cg03683773",NA,0.841802681934384,0.0470944712173346,NA,NA,NA
"cg03697136",NA,-0.119143171482531,-0.00420810655805458,NA,NA,NA
"cg03727787",NA,0.282260014743944,0.0429961541899123,NA,NA,NA
"cg03852748",NA,-2.02245115042457,-0.144286621011027,NA,NA,NA
"cg03974928",NA,-0.427482006189791,-0.0194737094368416,NA,NA,NA
"cg04040539",NA,-1.1173053700652,-0.0464359278051183,NA,NA,NA
"cg04226429",NA,-0.254755985188904,-0.043924913051508,NA,NA,NA
"cg04243635",NA,0.0932523307418504,0.013585845071439,NA,NA,NA
"cg14123622",NA,-0.877188043961583,-0.184239503963838,NA,NA,NA
"cg04295410",NA,-0.250700435461776,-0.0373854489888788,NA,NA,NA
"cg04426657",NA,0.0612709087129909,0.00229001271873185,NA,NA,NA
"cg04494540",NA,0.0606038949212441,0.16264790136201,NA,NA,NA
"cg04539724",NA,-0.182893743720969,-0.0232199238452714,NA,NA,NA
"cg04663705",NA,0.0831433320945761,0.0151107677495878,NA,NA,NA
"cg04680480",NA,0.89550980094859,0.134566864487705,NA,NA,NA
"cg04929868",NA,-0.620520598348138,-0.263555675219141,NA,NA,NA
"cg04984522",NA,0.393748294547961,0.046208050234809,NA,NA,NA
"cg05078979",NA,-0.389259203511912,-0.00960016145641805,NA,NA,NA
"cg05090186",NA,-0.220627529366563,-0.0189618978733565,NA,NA,NA
"cg05124621",NA,-0.0339729404075496,-0.0101285388528562,NA,NA,NA
"cg05247547",NA,0.17814513524209,0.0512224319054499,NA,NA,NA
"cg05311559",NA,2.23553667946928,0.148384328361214,NA,NA,NA
"cg12943258",NA,0.280404143845445,0.0131540394399572,NA,NA,NA
"cg05413840",NA,0.0992389729526557,0.0397959835403809,NA,NA,NA
"cg05532671",NA,0.546594240536582,0.0827012188880562,NA,NA,NA
"cg05570491",NA,-0.30567855330815,-0.056955692445909,NA,NA,NA
"cg05791494",NA,-0.0606600325036724,-0.00901788821837973,NA,NA,NA
"cg05933419",NA,0.735412728984936,0.0865784275688191,NA,NA,NA
"cg05968022",NA,1.19878759532201,0.120112928927388,NA,NA,NA
"cg06148682",NA,0.109544085812963,0.0104254634948405,NA,NA,NA
"cg06190403",NA,-0.398167512626578,-0.060476334248587,NA,NA,NA
"cg06250511",NA,0.0297620888751974,0.0111240146319036,NA,NA,NA
"cg06302757",NA,-0.304908610037852,-0.0203683937180855,NA,NA,NA
"cg06316981",NA,-0.0824519956160174,-0.0239095914987753,NA,NA,NA
"cg06421787",NA,-0.181889421194521,-0.0186638785299302,NA,NA,NA
"cg06493080",NA,0.686740553222979,0.0616180905943606,NA,NA,NA
"cg06571003",NA,-0.885583022574915,-0.145109028048891,NA,NA,NA
"cg06621558",NA,-0.0220916205000788,-0.00599449264867609,NA,NA,NA
"cg06669050",NA,-0.850711063043301,-0.167017362012927,NA,NA,NA
"cg06676932",NA,0.769283175433516,0.0686623791339812,NA,NA,NA
"cg06925219",NA,0.0436809962054334,0.00305892496820316,NA,NA,NA
"cg06930747",NA,-0.380919297152326,-0.0494155624779865,NA,NA,NA
"cg06937549",NA,-0.248561171659588,-0.000723783795256587,NA,NA,NA
"cg06940357",NA,0.184703387675038,0.0235896981455757,NA,NA,NA
"cg06951357",NA,-0.252790688881473,-0.0357336554373684,NA,NA,NA
"cg07031236",NA,-0.345781241485108,-0.0522060173535417,NA,NA,NA
"cg16756969",NA,-0.268341830561379,-0.0193830527672107,NA,NA,NA
"cg07056567",NA,-0.275443758716469,-0.0171623542930735,NA,NA,NA
"cg07254032",NA,0.803235517617007,0.101278594496035,NA,NA,NA
"cg07338692",NA,-0.103215282588553,-0.000483572372992389,NA,NA,NA
"cg07359023",NA,-1.75314107831992,-0.106994708484199,NA,NA,NA
"cg07414561",NA,-0.0660329478003618,-0.00999101542022169,NA,NA,NA
"cg17027938",NA,-0.368293734489374,-0.0545820158140826,NA,NA,NA
"cg17084037",NA,-0.174185696077116,-0.00920280260943156,NA,NA,NA
"cg07867189",NA,-1.4468369827887,-0.115343517130459,NA,NA,NA
"cg07878252",NA,-0.957547541720019,-0.0335878378840697,NA,NA,NA
"cg07898297",NA,1.33131273742927,0.163321486578087,NA,NA,NA
"cg07900685",NA,0.738185236463941,0.0495778697269621,NA,NA,NA
"cg07921922",NA,-0.279733629221719,-0.042572886621918,NA,NA,NA
"cg08092317",NA,0.111309952130666,0.0293181071995103,NA,NA,NA
"cg08122757",NA,0.0713648861419293,0.0066358427088531,NA,NA,NA
"cg08193095",NA,-0.268225739832952,-0.0370257152253446,NA,NA,NA
"cg08215925",NA,0.437275698683717,0.0423800460958328,NA,NA,NA
"cg08247363",NA,-0.206781311881429,-0.0477373327366913,NA,NA,NA
"cg08401413",NA,-0.253920934569698,-0.078828343617424,NA,NA,NA
"cg08492897",NA,0.0221203143708188,0.00539956182303862,NA,NA,NA
"cg08534805",NA,-0.974761812099837,-0.184833331705857,NA,NA,NA
"cg08627730",NA,0.596865156715179,0.0417917780052015,NA,NA,NA
"cg08711810",NA,0.459695708105563,0.0581808366118898,NA,NA,NA
"cg08722723",NA,-1.64869456227386,-0.17530544384451,NA,NA,NA
"cg08868548",NA,-0.117452723745359,-0.00641903342466526,NA,NA,NA
"cg08873209",NA,0.778219829020674,0.0810675637960525,NA,NA,NA
"cg08885324",NA,-1.23504540897225,-0.15903410883809,NA,NA,NA
"cg09122966",NA,-1.37269355633376,-0.156252087534166,NA,NA,NA
"cg09227056",NA,1.05814435188983,0.10894015837005,NA,NA,NA
"cg16866615",NA,0.0523316713187978,0.00774644432569595,NA,NA,NA
"cg09443851",NA,-0.463314714881864,-0.0520806228632919,NA,NA,NA
"cg09461098",NA,-2.01642820406569,-0.189988259706587,NA,NA,NA
"cg09535856",NA,-0.303299625880975,-0.0372466299852371,NA,NA,NA
"cg09571004",NA,0.255125777792306,0.00881089529603417,NA,NA,NA
"cg09585004",NA,-1.31430403805376,-0.105592948192678,NA,NA,NA
"cg09689442",NA,-0.151506259078084,-0.0224890271593681,NA,NA,NA
"cg09705951",NA,0.00465302503191254,0.00118082083767382,NA,NA,NA
"cg09892057",NA,-0.0946709368574708,-0.00709986812777354,NA,NA,NA
"cg09973880",NA,-0.0396638783681275,-0.0115827494529691,NA,NA,NA
"cg10347306",NA,-0.0907341703107521,-0.00570563007836038,NA,NA,NA
"cg10469321",NA,-1.33655837749288,-0.42969207155083,NA,NA,NA
"cg10491556",NA,-2.08125533948343,-0.237525627953311,NA,NA,NA
"cg10529428",NA,-0.165252736153618,-0.0239204163618789,NA,NA,NA
"cg10609096",NA,0.442317363286374,0.0333552152738753,NA,NA,NA
"cg10614259",NA,-0.0372564376149109,-0.0106542387741756,NA,NA,NA
"cg10716748",NA,0.138999063206714,0.018559294158825,NA,NA,NA
"cg10801485",NA,0.453121507954705,0.11026996531285,NA,NA,NA
"cg10939684",NA,-0.402812871978026,-0.0510360789984142,NA,NA,NA
"cg10945667",NA,0.924286380899142,0.0289238919518944,NA,NA,NA
"cg10988052",NA,-0.110474728151944,-0.00688688492023243,NA,NA,NA
"cg11155697",NA,5.1737930173412,0.525700189799565,NA,NA,NA
"cg11160066",NA,-0.225606886786608,-0.00411846603432035,NA,NA,NA
"cg11245422",NA,0.028758287926239,0.0809604590934501,NA,NA,NA
"cg11252613",NA,0.461744308382756,0.0382848303769266,NA,NA,NA
"cg11387509",NA,0.300278067826221,0.017038683075256,NA,NA,NA
"cg11389618",NA,0.187940967718803,0.00532384527580779,NA,NA,NA
"cg11629501",NA,0.639490267763079,0.073333469201541,NA,NA,NA
"cg11723266",NA,-0.0179816480560463,-0.00752155747736796,NA,NA,NA
"cg11902343",NA,0.0168813784423596,0.0315734654476591,NA,NA,NA
"cg11918226",NA,0.264076558172137,0.0651298104691152,NA,NA,NA
"cg12015981",NA,0.195677620885359,0.0256946462172277,NA,NA,NA
"cg12107023",NA,-0.0374319023089113,-0.019568723860538,NA,NA,NA
"cg12201500",NA,-0.00166026423892424,-0.0395623075458478,NA,NA,NA
"cg12210408",NA,-0.139030830589054,-0.0328956718422777,NA,NA,NA
"cg12448957",NA,-1.16166006084278,-0.209272554521287,NA,NA,NA
"cg12462816",NA,0.0340945242776349,0.0190116468237813,NA,NA,NA
"cg12525832",NA,-0.346136119083813,-0.0230371252290714,NA,NA,NA
"cg12564910",NA,0.0989559196946505,0.00268210279039413,NA,NA,NA
"cg12689672",NA,0.160204389681352,0.0272706498465315,NA,NA,NA
"cg12767876",NA,-0.140633189797083,-0.00449388171060469,NA,NA,NA
"cg12791206",NA,-2.56412018378629,-0.359978016497012,NA,NA,NA
"cg12838514",NA,-0.108448731426723,-0.00911742024433182,NA,NA,NA
"cg19437183",NA,0.324024462035299,0.000883959351180944,NA,NA,NA
"cg13061698",NA,2.16166124979943,0.348122152388998,NA,NA,NA
"cg13423078",NA,0.452066614050108,0.0770594410832492,NA,NA,NA
"cg13492856",NA,-2.21727260586553,-0.308435544271049,NA,NA,NA
"cg13619139",NA,-0.773702314482182,-0.183387571533366,NA,NA,NA
"cg13647620",NA,0.120540963983122,0.0134289048724749,NA,NA,NA
"cg13656236",NA,-0.197145883498037,-0.030467935920128,NA,NA,NA
"cg22608267",NA,-0.0442169119095058,-0.0022392613836696,NA,NA,NA
"cg13848598",NA,1.48904265362515,0.169673108457236,NA,NA,NA
"cg13969835",NA,0.18455604617007,0.0509071249420043,NA,NA,NA
"cg14044498",NA,-0.00757581840555668,-0.00113781803902799,NA,NA,NA
"cg22805522",NA,-0.278469340584609,-0.00725325094334683,NA,NA,NA
"cg14454643",NA,0.159184168098084,0.00809349061469612,NA,NA,NA
"cg14467140",NA,0.0723524028635335,0.00224245364606783,NA,NA,NA
"cg14475241",NA,0.0436295074191531,0.00402116839862422,NA,NA,NA
"cg14550108",NA,0.0728228299654224,0.00794561961273398,NA,NA,NA
"cg14615301",NA,0.168547445425114,0.0209423967554107,NA,NA,NA
"cg14629876",NA,0.192114111495635,0.0103590159452549,NA,NA,NA
"cg14703691",NA,-0.793105133992715,-0.0314340082476763,NA,NA,NA
"cg14738500",NA,1.96375220393566,0.298516853358605,NA,NA,NA
"cg14870509",NA,-0.536914541105776,-0.0558322566845111,NA,NA,NA
"cg14940505",NA,0.152076118173195,0.0434942756779136,NA,NA,NA
"cg14953793",NA,-0.805198115811849,-0.995066305061117,NA,NA,NA
"cg14981172",NA,-0.204317872461052,-0.0183429556407469,NA,NA,NA
"cg14987294",NA,-0.0734152924241195,-0.0103992543237535,NA,NA,NA
"cg15006148",NA,-0.052337032070201,-0.00195944780376407,NA,NA,NA
"cg15219830",NA,-0.599702878913211,-0.0108898246370422,NA,NA,NA
"cg15316343",NA,0.345033820478111,0.037324130346686,NA,NA,NA
"cg15381220",NA,0.232992017022142,0.0298383859981055,NA,NA,NA
"cg15462582",NA,2.73862494272252,0.316808677324839,NA,NA,NA
"cg15471501",NA,0.0526015413221264,0.00326670668402622,NA,NA,NA
"cg15478432",NA,-0.219047037173013,-0.0109698477242993,NA,NA,NA
"cg15585576",NA,1.20856096053731,0.1256496678772,NA,NA,NA
"cg15719056",NA,0.192836966577192,0.0295834499376665,NA,NA,NA
"cg15726426",NA,0.596760075436006,0.0732555967476424,NA,NA,NA
"cg15917885",NA,-0.283157633032217,-0.0294856663354159,NA,NA,NA
"cg15969104",NA,-1.89341462176165,-0.0132160205453886,NA,NA,NA
"cg16003884",NA,0.494226226074943,0.0566195803745334,NA,NA,NA
"cg16004878",NA,0.825733279702804,0.0862746046427128,NA,NA,NA
"cg16027853",NA,-0.588769037068868,-0.00523127318234918,NA,NA,NA
"cg16248254",NA,0.558238936300083,0.0133309675671799,NA,NA,NA
"cg16442610",NA,0.914097614319944,0.0938909667394442,NA,NA,NA
"cg16518996",NA,-0.0678826045785353,-0.01197696287605,NA,NA,NA
"cg16525315",NA,0.163614112911794,0.0805512127039833,NA,NA,NA
"cg16604235",NA,-0.0746736727185666,-0.0128139507116635,NA,NA,NA
"cg16632407",NA,-0.310176014506209,-0.0518355030097241,NA,NA,NA
"cg16643400",NA,0.145689717482535,0.0303479636510038,NA,NA,NA
"cg16647935",NA,-0.299495486504341,-0.165082190711909,NA,NA,NA
"cg16688387",NA,-0.0521626259931299,-0.00639873207158172,NA,NA,NA
"cg25947654",NA,-0.371662985867551,-0.0478693928339023,NA,NA,NA
"cg16796969",NA,-0.235594818365773,-0.00917151959149675,NA,NA,NA
"cg23815914",NA,-0.682781696039408,-0.124268767469499,NA,NA,NA
"cg16882430",NA,-0.000724006471630919,-0.00229564638041488,NA,NA,NA
"cg16903788",NA,0.312110549369123,0.034734888879842,NA,NA,NA
"cg16969806",NA,-1.84570742621917,-0.13279854205172,NA,NA,NA
"cg26578422",NA,0.0684139922299529,0.0379468663351618,NA,NA,NA
"cg26652809",NA,1.0146339208106,0.130213386451377,NA,NA,NA
"cg17152918",NA,1.00436802158551,0.0538975231667496,NA,NA,NA
"cg17182285",NA,-0.293167399976583,-0.0185742743241877,NA,NA,NA
"cg17185595",NA,-0.0294539883766372,-0.0760552961000642,NA,NA,NA
"cg17314597",NA,0.0523522846077418,0.000455166979012729,NA,NA,NA
"cg17341782",NA,-0.550384128804846,-0.0570295976241532,NA,NA,NA
"cg24504442",NA,1.14746422588995,0.108780297584668,NA,NA,NA
"cg17443147",NA,0.902339007446792,0.0808813596970169,NA,NA,NA
"cg17596554",NA,-0.766997323343209,-0.0359847122656646,NA,NA,NA
"cg17604804",NA,-0.124652873105874,-0.019117870504745,NA,NA,NA
"cg17779362",NA,-0.252342190290785,-0.0832030917979612,NA,NA,NA
"cg17865364",NA,-0.864856411265652,-0.0850698558422529,NA,NA,NA
"cg17983153",NA,-1.05120363551586,-0.113479111858239,NA,NA,NA
"cg17986111",NA,-2.52658926198612,-0.295844981717208,NA,NA,NA
"cg18102203",NA,0.029104224674399,0.00533301011661781,NA,NA,NA
"cg18232211",NA,-0.316571663937694,-0.0472787636410987,NA,NA,NA
"cg18253120",NA,1.88922124911474,0.281253062287827,NA,NA,NA
"cg18289982",NA,0.17542660691737,0.126122020088646,NA,NA,NA
"cg18299578",NA,0.406175079109662,0.06409694402149,NA,NA,NA
"cg18333000",NA,0.569562919083088,0.0321841762647556,NA,NA,NA
"cg18387014",NA,-1.12795945341223,-0.059907952717592,NA,NA,NA
"cg18409102",NA,-0.326785522452684,-0.038676402092764,NA,NA,NA
"cg18475684",NA,-1.76351397584705,-0.261838466443077,NA,NA,NA
"cg18508910",NA,0.955878138775257,0.18468510812868,NA,NA,NA
"cg18562542",NA,0.0874712635168873,0.0453312492491106,NA,NA,NA
"cg18770859",NA,-0.231838965004232,-0.00356092668703534,NA,NA,NA
"cg18888015",NA,-0.706546915320699,-0.0419142003530932,NA,NA,NA
"cg18966350",NA,1.01077392522081,0.127995004037922,NA,NA,NA
"cg19083407",NA,0.00118191376902866,0.000802082295901105,NA,NA,NA
"cg19349548",NA,-0.356151801805277,-0.0364818049586868,NA,NA,NA
"cg19369305",NA,-0.373033421252393,-0.00451841233402427,NA,NA,NA
"cg19390756",NA,-1.5506511691745,-0.254677410322415,NA,NA,NA
"cg19397128",NA,-8.23791794482167,-1.06035492282248,NA,NA,NA
"cg26843878",NA,0.0328849460488491,0.0205259650868659,NA,NA,NA
"cg19537997",NA,-0.179019558717887,-0.00788467941454615,NA,NA,NA
"cg19568727",NA,-0.184885184921362,-0.0229711907413725,NA,NA,NA
"cg19626073",NA,-0.330230972010409,-0.0256104618207047,NA,NA,NA
"cg19711579",NA,4.28133992640738,0.51083749324611,NA,NA,NA
"cg19764539",NA,-0.0440333212609864,-0.106687393619622,NA,NA,NA
"cg19826361",NA,-0.539181678491627,-0.0688486454112451,NA,NA,NA
"cg19839218",NA,-0.807164833349295,-0.0825786291124596,NA,NA,NA
"cg19945840",NA,0.428135782984466,0.0882219028382378,NA,NA,NA
"cg19949929",NA,-1.26641730817059,-0.118897949915938,NA,NA,NA
"cg19981759",NA,0.170716191939597,0.00493467805845952,NA,NA,NA
"cg20078404",NA,-0.131887006409722,-0.00132265183113104,NA,NA,NA
"cg20091041",NA,0.0204625797404072,0.0102658273727503,NA,NA,NA
"cg20096563",NA,-0.849057110376824,-0.121800575288127,NA,NA,NA
"cg20109969",NA,-0.0399466945008604,-0.00619671758233378,NA,NA,NA
"cg20114360",NA,0.0190077326064581,0.060435158462576,NA,NA,NA
"cg20161627",NA,-0.133221409351138,-0.0010439847588442,NA,NA,NA
"cg20303044",NA,-2.09447582136996,-0.161670611384889,NA,NA,NA
"cg20538492",NA,-0.0338082050685493,-0.00448573718031701,NA,NA,NA
"cg20638433",NA,0.274361492649483,0.0345415525787888,NA,NA,NA
"cg20683133",NA,-0.0249408703287085,-0.000167537376731372,NA,NA,NA
"cg20692569",NA,0.579355739944386,0.0638986310111271,NA,NA,NA
"cg21026697",NA,-0.0672155559435657,-0.00375745492405514,NA,NA,NA
"cg21040165",NA,-0.00283230041090624,-0.00432819285599724,NA,NA,NA
"cg21057587",NA,-0.326582995051251,-0.0457917072607515,NA,NA,NA
"cg21102110",NA,0.0728514201434106,0.0190579167425016,NA,NA,NA
"cg21219688",NA,1.32138274438981,0.140835171457684,NA,NA,NA
"cg21528042",NA,-0.164000561426706,-0.00432379503654076,NA,NA,NA
"cg21532847",NA,-0.067191795194425,-0.000891147809215618,NA,NA,NA
"cg21595475",NA,-0.578366098860726,-0.0410473245181014,NA,NA,NA
"cg21596828",NA,0.197157311048057,0.0204750159453643,NA,NA,NA
"cg21826256",NA,-1.13856686799781,-0.114850161016215,NA,NA,NA
"cg21846632",NA,-0.761438001471098,-0.12512632844455,NA,NA,NA
"cg21917735",NA,-0.893497683010631,-0.093248532579944,NA,NA,NA
"cg21960684",NA,0.138880892135982,0.0148293641838315,NA,NA,NA
"cg22100382",NA,0.0514513406540727,0.0049113028349683,NA,NA,NA
"cg22181118",NA,0.425296064372853,0.0454934671420964,NA,NA,NA
"cg22334406",NA,-0.091795332944016,-0.00753502601632394,NA,NA,NA
"cg22443103",NA,-0.247264123461959,-0.02080517682894,NA,NA,NA
"cg26228774",NA,0.00199102274165372,NA,NA,NA,NA
"cg22661206",NA,-0.394717584010411,-0.0398170412157944,NA,NA,NA
"cg22669570",NA,0.4711944757434,0.0507080365407594,NA,NA,NA
"cg22789469",NA,-0.0125815070431309,-0.00127033728603786,NA,NA,NA
"cg06960698",NA,-0.30885623000391,NA,NA,NA,NA
"cg23108693",NA,-0.215971379906824,-0.0220271172856654,NA,NA,NA
"cg23128382",NA,-0.384890726610476,-0.0533345889030748,NA,NA,NA
"cg23146472",NA,-0.0857123929786286,-0.00603925190020623,NA,NA,NA
"cg23152600",NA,0.882035790002784,0.189721094213928,NA,NA,NA
"cg23164054",NA,0.0570950456697428,0.00872056179124137,NA,NA,NA
"cg23181591",NA,-2.7332778969705,-0.428701214256533,NA,NA,NA
"cg23415880",NA,0.563583740942301,0.0777921610946041,NA,NA,NA
"cg23691177",NA,0.0655091902328253,0.00173327650113954,NA,NA,NA
"cg23793004",NA,0.317242204056782,0.0518763231030239,NA,NA,NA
"cg26158731",NA,0.845826366031537,0.108742581655598,NA,NA,NA
"cg23856528",NA,-0.294944041405187,-0.0266347104760156,NA,NA,NA
"cg23976215",NA,0.0706597861385894,0.00738449879471317,NA,NA,NA
"cg24089067",NA,0.248209759806988,0.0283236789319282,NA,NA,NA
"cg24104699",NA,0.290160765539563,0.0216934977903363,NA,NA,NA
"cg24242146",NA,0.0719649778791884,0.0108554791893806,NA,NA,NA
"cg24243964",NA,-0.0248880425110524,-0.000279293384678551,NA,NA,NA
"cg24341129",NA,0.00163613045234723,0.000182188863960692,NA,NA,NA
"cg24352905",NA,0.225377054178824,0.0386446877632918,NA,NA,NA
"cg24453866",NA,-0.0769780059341595,-0.0193030292597134,NA,NA,NA
"cg24469733",NA,-0.0981444953447518,-0.00154852146160622,NA,NA,NA
"cg27088374",NA,-0.198308321617656,-0.00468457050566037,NA,NA,NA
"cg24555743",NA,0.163068283442322,0.0308404098373858,NA,NA,NA
"cg24560242",NA,0.755904668386666,0.0192889356971253,NA,NA,NA
"cg24615318",NA,-0.0628069075761628,-0.0221846736184937,NA,NA,NA
"cg24688511",NA,-0.160029658730296,-0.00515925063691253,NA,NA,NA
"cg24712893",NA,-0.172030456028386,-0.0190967657465044,NA,NA,NA
"cg24770551",NA,-0.0597143011543702,-0.0165066017893734,NA,NA,NA
"cg24896496",NA,0.193383518868427,0.0275143169836418,NA,NA,NA
"cg24897861",NA,-0.0680535530658635,-0.00353388889243623,NA,NA,NA
"cg24935223",NA,-0.0116726718401968,-0.000860398494574027,NA,NA,NA
"cg24998102",NA,-2.25914224293941,-0.361828833221163,NA,NA,NA
"cg25361778",NA,0.135513359454397,0.0173093223182234,NA,NA,NA
"cg25477526",NA,-1.22132529563185,-0.0628655909297841,NA,NA,NA
"cg25483422",NA,0.000394328019121801,0.0487610945175425,NA,NA,NA
"cg25734253",NA,-4.54891091562156,-0.340902447115454,NA,NA,NA
"cg25767194",NA,0.194603685355157,0.025107337096604,NA,NA,NA
"cg25922845",NA,-1.51834022860598,-0.152984030278178,NA,NA,NA
"cg25915657",NA,0.188747695921427,NA,NA,NA,NA
"cg26048456",NA,-0.386008148441071,-0.0481800464203135,NA,NA,NA
"cg26135564",NA,2.12985389550058,0.141425416069426,NA,NA,NA
"cg27005345",NA,0.641719046109827,0.0809335848914974,NA,NA,NA
"cg26195623",NA,-0.0977941525956449,-0.0203164181186353,NA,NA,NA
"cg26496796",NA,0.470513919230332,0.0603232642162942,NA,NA,NA
"cg02860623",NA,-0.461112396687073,NA,NA,NA,NA
"cg22041432",NA,-0.00128409677901951,NA,NA,NA,NA
"cg26699785",NA,-0.311421374712682,-0.0379134976534276,NA,NA,NA
"cg27287578",NA,-1.16390810045319,-0.114125863210791,NA,NA,NA
"cg26848592",NA,-0.302887867697417,-0.047525188627506,NA,NA,NA
"cg26903477",NA,4.10830878995456,0.460932722853229,NA,NA,NA
"cg26987152",NA,-0.193116054586527,-0.0233084403769084,NA,NA,NA
"cg27496468",NA,0.574422272817627,0.051032989881271,NA,NA,NA
"cg27551316",NA,0.725971187447289,0.0976021626945017,NA,NA,NA
"cg27096534",NA,1.59479825404131,0.135352484513575,NA,NA,NA
"cg27196467",NA,-0.108896828803991,-0.0178910565062506,NA,NA,NA
"cg27205362",NA,-0.294066499877978,-0.0632823199060233,NA,NA,NA
"cg27208811",NA,-0.00106224066243881,-0.0119575875631113,NA,NA,NA
"cg27376149",NA,-0.332585728884884,-0.054833276092715,NA,NA,NA
"cg27311945",NA,0.0419770550302709,0.0115974921944194,NA,NA,NA
"cg27313020",NA,2.15903428957239,0.342336633217265,NA,NA,NA
"cg27618110",NA,0.58707925481189,0.0763936895795152,NA,NA,NA
"cg27633444",NA,0.124740968512254,0.003280431179363,NA,NA,NA
"cg27589326",NA,0.0262688175152008,0.00901545355333058,NA,NA,NA
"cg15777606",NA,-0.15031246098426,NA,NA,NA,NA
"cg03584734",NA,-0.44937657328258,NA,NA,NA,NA
"cg17881452",NA,0.043633773344723,NA,NA,NA,NA
"cg02322989",0.0110464205528795,NA,NA,NA,NA,NA
"cg18654962",-0.0820051581500691,NA,NA,NA,NA,NA
"cg26424339",0.178592248059123,NA,NA,NA,NA,NA
"cg01393477",-0.0836886333213868,NA,NA,NA,NA,NA
"cg08640766",-1.86141096367701,NA,NA,NA,NA,NA
"cg02700726",-0.012064133568163,NA,NA,NA,NA,NA
"cg06620993",0.336994272771817,NA,NA,NA,NA,NA
"cg07279255",0.720971072272471,NA,NA,NA,NA,NA
"cg10659172",-0.340726559662789,NA,NA,NA,NA,NA
"cg09315446",-1.19485685839011,NA,NA,NA,NA,NA
"cg12880090",-1.03788189102127,NA,NA,NA,NA,NA
"cg10381180",-0.0703257581810267,NA,NA,NA,NA,NA
"cg13369768",-0.156760301336152,NA,NA,NA,NA,NA
"cg11320734",-0.518731263697815,NA,NA,NA,NA,NA
"cg14986854",-0.229445001782083,NA,NA,NA,NA,NA
"cg13320956",-0.353070578920491,NA,NA,NA,NA,NA
"cg25528426",0.094297451990528,NA,NA,NA,NA,NA
"cg13897126",0.0169942243830252,NA,NA,NA,NA,NA
"cg22971559",-0.619463036130211,NA,NA,NA,NA,NA
"cg16801814",-0.199812535226368,NA,NA,NA,NA,NA
"cg27192328",-0.160555717408826,NA,NA,NA,NA,NA
"cg22208523",-0.323478203585374,NA,NA,NA,NA,NA
"cg26437066",-0.444898868058306,NA,NA,NA,NA,NA
"cg23797553",-0.0609769460167322,NA,NA,NA,NA,NA
"cg26041232",0.0158950995808997,NA,NA,NA,NA,NA
"cg26899365",-0.225854341517529,NA,NA,NA,NA,NA
"cg05339574",NA,0.136221458838426,NA,NA,NA,NA
"cg19490575",NA,0.367032633698283,NA,NA,NA,NA
"cg13123762",NA,0.00861791048793294,NA,NA,NA,NA
"cg13170453",NA,-0.0413550656683086,NA,NA,NA,NA
"cg05609811",NA,0.0143638692647011,NA,NA,NA,NA
"cg06332339",NA,-0.0306194102157988,NA,NA,NA,NA
"cg09802094",NA,0.0401982845604291,NA,NA,NA,NA
"cg22097793",NA,-0.00386028448855807,NA,NA,NA,NA
"cg13488871",NA,0.0493735993963722,NA,NA,NA,NA
"cg27169779",NA,-0.0473786226447872,NA,NA,NA,NA
"cg13505793",NA,0.00232708001821205,NA,NA,NA,NA
"cg19766374",NA,0.181219364260842,NA,NA,NA,NA
"cg18664171",NA,0.000963277961463787,NA,NA,NA,NA
"cg18508649",NA,NA,-0.0600464278159304,NA,NA,NA
"cg06411456",NA,-0.0513880410736787,NA,NA,NA,NA
"cg20996079",NA,-0.10644516836161,NA,NA,NA,NA
"cg00688975",NA,-0.210470836444597,NA,NA,NA,NA
"cg13959016",NA,0.0373336651267459,NA,NA,NA,NA
"cg06570740",NA,-0.626221142921296,NA,NA,NA,NA
"cg03798232",NA,0.340492449789447,NA,NA,NA,NA
"cg25422281",NA,-0.169114902700412,NA,NA,NA,NA
"cg14060906",NA,-0.28883994965513,NA,NA,NA,NA
"cg07525158",NA,0.0696867529155007,NA,NA,NA,NA
"cg09260635",NA,-0.00234311975402227,NA,NA,NA,NA
"cg09387107",NA,-0.573317948790227,NA,NA,NA,NA
"cg12617115",NA,NA,-0.00182531257483105,NA,NA,NA
"cg14524396",NA,0.0875089838845153,NA,NA,NA,NA
"cg08912313",NA,0.0936976889880504,NA,NA,NA,NA
"cg13453408",NA,0.0493258360520814,NA,NA,NA,NA
"cg14557962",NA,NA,0.000164796984341422,NA,NA,NA
"cg15396498",NA,0.0202194397385967,NA,NA,NA,NA
"cg17049911",NA,0.0387761087830334,NA,NA,NA,NA
"cg14705099",NA,-0.256610749353609,NA,NA,NA,NA
"cg07094276",NA,-0.0855170214069998,NA,NA,NA,NA
"cg13406210",NA,-0.169599055335232,NA,NA,NA,NA
"cg25066947",NA,-0.0730059412229738,NA,NA,NA,NA
"cg07350767",NA,0.0786572210466229,NA,NA,NA,NA
"cg23985931",NA,0.126358699839801,NA,NA,NA,NA
"cg11552482",NA,0.405050360163853,NA,NA,NA,NA
"cg05265858",NA,-0.0371553426356934,NA,NA,NA,NA
"cg21821706",NA,-0.0887644476183306,NA,NA,NA,NA
"cg07763792",NA,0.0760850718742338,NA,NA,NA,NA
"cg07863286",NA,0.031568966254614,NA,NA,NA,NA
"cg26851215",NA,-0.211461041921344,NA,NA,NA,NA
"cg02633867",NA,-0.0819343116852733,NA,NA,NA,NA
"cg00591406",NA,0.188908146750012,NA,NA,NA,NA
"cg00663363",NA,0.177801210223473,NA,NA,NA,NA
"cg13995101",NA,0.0389340760252315,NA,NA,NA,NA
"cg07922361",NA,-0.0165307150393269,NA,NA,NA,NA
"cg08058566",NA,0.321382716846022,NA,NA,NA,NA
"cg03049397",NA,-0.098113427558229,NA,NA,NA,NA
"cg05214767",NA,-0.0792017832689654,NA,NA,NA,NA
"cg00958552",NA,0.0702511040638202,NA,NA,NA,NA
"cg00975228",NA,0.0810264544383353,NA,NA,NA,NA
"cg22507359",NA,-0.023784100780569,NA,NA,NA,NA
"cg22533021",NA,0.1103270235093,NA,NA,NA,NA
"cg08352408",NA,0.0281321463291525,NA,NA,NA,NA
"cg16032864",NA,0.0827624444433757,NA,NA,NA,NA
"cg18161408",NA,0.0528031586964627,NA,NA,NA,NA
"cg16297767",NA,0.0138294130244606,NA,NA,NA,NA
"cg16811337",NA,0.184977707313769,NA,NA,NA,NA
"cg22869909",NA,0.00372602535015802,NA,NA,NA,NA
"cg02221888",NA,0.211863792853852,NA,NA,NA,NA
"cg08819006",NA,0.243417149082889,NA,NA,NA,NA
"cg22100514",NA,0.000458151513134916,NA,NA,NA,NA
"cg02281100",NA,0.011837932259807,NA,NA,NA,NA
"cg16646370",NA,-0.00222237129396045,NA,NA,NA,NA
"cg16636527",NA,NA,0.082715473262352,NA,NA,NA
"cg08996087",NA,0.032707078950341,NA,NA,NA,NA
"cg01935380",NA,-0.000928638541177662,NA,NA,NA,NA
"cg18588934",NA,-0.204292481700353,NA,NA,NA,NA
"cg09312038",NA,0.0244556931850563,NA,NA,NA,NA
"cg09372556",NA,0.02348695061954,NA,NA,NA,NA
"cg04554246",NA,NA,0.00931216492954457,NA,NA,NA
"cg16831375",NA,NA,0.0405179593385037,NA,NA,NA
"cg02944016",NA,0.0114834163201276,NA,NA,NA,NA
"cg14920842",NA,0.143998224215484,NA,NA,NA,NA
"cg25596825",NA,0.410125711109941,NA,NA,NA,NA
"cg20380566",NA,0.23386550869356,NA,NA,NA,NA
"cg17050986",NA,-0.027628462698979,NA,NA,NA,NA
"cg17151497",NA,0.000564449366873506,NA,NA,NA,NA
"cg02534193",NA,-0.0162801197306001,NA,NA,NA,NA
"cg02553697",NA,0.146517285563193,NA,NA,NA,NA
"cg09942248",NA,0.522769200055989,NA,NA,NA,NA
"cg17173497",NA,-0.107284624100248,NA,NA,NA,NA
"cg13254809",NA,-0.00115734567737661,NA,NA,NA,NA
"cg25332194",NA,0.117733696342133,NA,NA,NA,NA
"cg05717498",NA,0.544720802852032,NA,NA,NA,NA
"cg13300299",NA,-0.0752717972248078,NA,NA,NA,NA
"cg17458251",NA,-1.03341257817103,NA,NA,NA,NA
"cg23916861",NA,0.0302146105090818,NA,NA,NA,NA
"cg21328218",NA,0.106377370442416,NA,NA,NA,NA
"cg22202408",NA,-0.0148141565435474,NA,NA,NA,NA
"cg13623297",NA,0.0137664322239013,NA,NA,NA,NA
"cg26813228",NA,-0.168940052006514,NA,NA,NA,NA
"cg10967836",NA,0.0577085957014331,NA,NA,NA,NA
"cg03888920",NA,NA,-0.00229797093156435,NA,NA,NA
"cg13911381",NA,NA,0.0148277685049207,NA,NA,NA
"cg18674676",NA,0.0453792798472685,NA,NA,NA,NA
"cg04957596",NA,0.00231756938872083,NA,NA,NA,NA
"cg23777393",NA,0.158503820267285,NA,NA,NA,NA
"cg22024413",NA,0.0626716826667529,NA,NA,NA,NA
"cg18994669",NA,-0.000660686867003317,NA,NA,NA,NA
"cg19715364",NA,-0.112099655782274,NA,NA,NA,NA
"cg27152642",NA,-1.34679366542662,NA,NA,NA,NA
"cg15008665",NA,-0.000105875549202006,NA,NA,NA,NA
"cg04450349",NA,0.168975487031106,NA,NA,NA,NA
"cg08153819",NA,-0.0150554862119875,NA,NA,NA,NA
"cg24083420",NA,0.0209050552117724,NA,NA,NA,NA
"cg26051847",NA,0.109717743116191,NA,NA,NA,NA
"cg20769452",NA,-0.0102774256721015,NA,NA,NA,NA
"cg06433155",NA,0.212667945242625,NA,NA,NA,NA
"cg10153335",NA,0.0018175675520726,NA,NA,NA,NA
"cg26481779",NA,0.0282442743207465,NA,NA,NA,NA
"cg26106877",NA,0.00177516934098562,NA,NA,NA,NA
"cg19635296",NA,0.125560839811463,NA,NA,NA,NA
"cg16756631",NA,-0.234529789926896,NA,NA,NA,NA
"cg14670966",NA,0.0657876701460376,NA,NA,NA,NA
"cg27300575",NA,0.116760248439908,NA,NA,NA,NA
"cg06956589",NA,-0.0506870735578908,NA,NA,NA,NA
"cg19576265",NA,0.281479153766986,NA,NA,NA,NA
"cg20728571",NA,0.00789144251263182,NA,NA,NA,NA
"cg23449696",NA,7.90389912364302e-05,NA,NA,NA,NA
"cg00309562",NA,NA,0.0304018217645712,NA,NA,NA
"cg05346606",NA,NA,-0.00345014692698276,NA,NA,NA
"cg19630841",NA,NA,0.0098733441144074,NA,NA,NA
"cg05432180",NA,NA,-0.0249538330671678,NA,NA,NA
"cg07883709",NA,NA,-0.0138666500586549,NA,NA,NA
"cg13353999",NA,NA,0.00333605731269191,NA,NA,NA
"cg13397744",NA,NA,0.111262337821817,NA,NA,NA
"cg05917369",NA,NA,-0.0051622981118346,NA,NA,NA
"cg13487121",NA,NA,0.0615179157320623,NA,NA,NA
"cg19865442",NA,NA,0.00257069494424195,NA,NA,NA
"cg18411550",NA,NA,-0.0140831041111729,NA,NA,NA
"cg11609931",NA,NA,NA,-0.6455129526536,NA,NA
"cg06165608",NA,NA,-0.00272052738842041,NA,NA,NA
"cg00855137",NA,NA,0.00703163067014566,NA,NA,NA
"cg27656592",NA,NA,-0.0546640856226707,NA,NA,NA
"cg01097631",NA,NA,0.00831654101576004,NA,NA,NA
"cg16089221",NA,NA,-0.000485595529473478,NA,NA,NA
"cg05136138",NA,NA,-0.0183842173418839,NA,NA,NA
"cg06433000",NA,NA,-0.0612065062043208,NA,NA,NA
"cg20237663",NA,NA,0.0027211562606625,NA,NA,NA
"cg12270051",NA,NA,-0.000190219557269088,NA,NA,NA
"cg11326474",NA,NA,0.0374176216775591,NA,NA,NA
"cg23345561",NA,NA,0.00956693319244706,NA,NA,NA
"cg24533228",NA,NA,NA,-1.23058003485326,NA,NA
"cg06742640",NA,NA,-0.00443134901400001,NA,NA,NA
"cg20846050",NA,NA,0.047112532363989,NA,NA,NA
"cg18434381",NA,NA,-0.00307894595265547,NA,NA,NA
"cg25186313",NA,NA,0.015010820326832,NA,NA,NA
"cg01872427",NA,NA,-0.0985921326001065,NA,NA,NA
"cg24640147",NA,NA,-0.00350846203276333,NA,NA,NA
"cg25395799",NA,NA,-0.0321535363624208,NA,NA,NA
"cg25438282",NA,NA,-0.00113620622274538,NA,NA,NA
"cg21344610",NA,NA,0.0104289988426832,NA,NA,NA
"cg02074136",NA,NA,0.00589942224978646,NA,NA,NA
"cg26474314",NA,NA,0.00568996046527962,NA,NA,NA
"cg24318948",NA,NA,0.0378137622950711,NA,NA,NA
"cg00038955",NA,NA,0.00232955013806592,NA,NA,NA
"cg07411859",NA,NA,0.0132561347904907,NA,NA,NA
"cg15006883",NA,NA,0.0168934515019357,NA,NA,NA
"cg00130771",NA,NA,-0.000569926890752721,NA,NA,NA
"cg09941680",NA,NA,-0.142749373295656,NA,NA,NA
"cg07601141",NA,NA,0.0305133292440909,NA,NA,NA
"cg17095500",NA,NA,0.00393048542263009,NA,NA,NA
"cg02574410",NA,NA,-0.0764452430527395,NA,NA,NA
"cg02592763",NA,NA,2.09479579370549e-05,NA,NA,NA
"cg00716372",NA,NA,0.0657432930267511,NA,NA,NA
"cg15632198",NA,NA,-0.00594115066583913,NA,NA,NA
"cg07906416",NA,NA,1.86160709011164e-05,NA,NA,NA
"cg02936468",NA,NA,0.0300605167112673,NA,NA,NA
"cg08069126",NA,NA,-0.000469300751527897,NA,NA,NA
"cg00976203",NA,NA,-0.041210716252139,NA,NA,NA
"cg03444965",NA,NA,-0.0416832634675813,NA,NA,NA
"cg08160490",NA,NA,-0.0227492885273806,NA,NA,NA
"cg01074811",NA,NA,0.015837175765842,NA,NA,NA
"cg12743986",NA,NA,0.0498913121495562,NA,NA,NA
"cg11948201",NA,NA,-0.0206697670088795,NA,NA,NA
"cg16734637",NA,NA,-0.0407670342507748,NA,NA,NA
"cg08446005",NA,NA,0.00207773590850212,NA,NA,NA
"cg16118889",NA,NA,-0.00139056085541685,NA,NA,NA
"cg03932441",NA,NA,-0.00067671525728154,NA,NA,NA
"cg01633443",NA,NA,0.00436177140238943,NA,NA,NA
"cg08620301",NA,NA,0.00683143546028674,NA,NA,NA
"cg04805689",NA,NA,0.0406913180687837,NA,NA,NA
"cg04195373",NA,NA,0.0119037202047489,NA,NA,NA
"cg25974818",NA,NA,-0.000356838015727266,NA,NA,NA
"cg18944151",NA,NA,-0.0284405799141718,NA,NA,NA
"cg18457527",NA,NA,-0.0192375666432495,NA,NA,NA
"cg26364230",NA,NA,0.00722259798096258,NA,NA,NA
"cg02353150",NA,NA,0.00665215498721305,NA,NA,NA
"cg13499073",NA,NA,0.147195795501469,NA,NA,NA
"cg14654506",NA,NA,-0.202176583762409,NA,NA,NA
"cg09214592",NA,NA,0.0055277148893772,NA,NA,NA
"cg16951028",NA,NA,0.0344989068365659,NA,NA,NA
"cg24119802",NA,NA,0.0941331879508453,NA,NA,NA
"cg02103833",NA,NA,0.0629678366597703,NA,NA,NA
"cg25722551",NA,NA,-0.126204734352763,NA,NA,NA
"cg02176407",NA,NA,-0.0119474077695119,NA,NA,NA
"cg26948312",NA,NA,-0.0112970867714332,NA,NA,NA
"cg17025275",NA,NA,-0.102450533926416,NA,NA,NA
"cg09919752",NA,NA,-0.0121728843257794,NA,NA,NA
"cg21714079",NA,NA,-0.00692760681886169,NA,NA,NA
"cg21809441",NA,NA,-0.00828888782164598,NA,NA,NA
"cg24721437",NA,NA,0.0648780381848785,NA,NA,NA
"cg11999944",NA,NA,-0.0379187806791723,NA,NA,NA
"cg19683912",NA,NA,0.00141326217214397,NA,NA,NA
"cg17232504",NA,NA,-0.00623376605636187,NA,NA,NA
"cg15746205",NA,NA,-0.00330765899340371,NA,NA,NA
"cg22164364",NA,NA,-0.0362805030087825,NA,NA,NA
"cg10932472",NA,NA,-0.00076189940553418,NA,NA,NA
"cg17425313",NA,NA,0.0201282245326558,NA,NA,NA
"cg13531493",NA,NA,-0.00714021177940472,NA,NA,NA
"cg06093379",NA,NA,-0.016399211016599,NA,NA,NA
"cg22531240",NA,NA,-0.104522758237933,NA,NA,NA
"cg13528652",NA,NA,0.00985908623001962,NA,NA,NA
"cg12869689",NA,NA,NA,-9.64584984325893,NA,NA
"cg15945827",NA,NA,NA,-0.795453424490417,NA,NA
"cg03962027",NA,NA,-0.00605791255707733,NA,NA,NA
"cg25687751",NA,NA,-0.0955163851606763,NA,NA,NA
"cg24044509",NA,NA,0.00886194017546221,NA,NA,NA
"cg27430422",NA,NA,0.0405973382236533,NA,NA,NA
"cg07396115",NA,NA,0.0238437300827092,NA,NA,NA
"cg18432293",NA,NA,0.0122164699397383,NA,NA,NA
"cg21663142",NA,NA,0.0718440957062554,NA,NA,NA
"cg10804966",NA,NA,1.02715546969098e-05,NA,NA,NA
"cg12144888",NA,NA,0.00831457270249453,NA,NA,NA
"cg03146625",NA,NA,NA,NA,2.63426042054625,NA
"cg19719034",NA,NA,-9.85162958779988e-06,NA,NA,NA
"cg07684203",NA,NA,NA,-2.09471801788498,NA,NA
"cg26233956",NA,NA,-0.0624185737742811,NA,NA,NA
"cg24868933",NA,NA,-0.00666362726512893,NA,NA,NA
"cg10630526",NA,NA,-0.00319220632179346,NA,NA,NA
"cg01428630",NA,NA,NA,-1.39759692827765,NA,NA
"cg21246299",NA,NA,-0.0265439824483806,NA,NA,NA
"cg22073073",NA,NA,0.0894348637565726,NA,NA,NA
"cg16097670",NA,NA,0.00915859036216307,NA,NA,NA
"cg15828158",NA,NA,-0.00474990735896648,NA,NA,NA
"cg11200738",NA,NA,-0.0975825257323123,NA,NA,NA
"cg10918079",NA,NA,NA,0.229218867439111,NA,NA
"cg24984507",NA,NA,NA,-2.81162583409495,NA,NA
"cg26029512",NA,NA,NA,-0.113553259623635,NA,NA
"cg17673691",NA,NA,NA,-0.61903551375969,NA,NA
"cg02953988",NA,NA,NA,-0.0115619252132312,NA,NA
"cg00786734",NA,NA,NA,1.2296374683212,NA,NA
"cg01232762",NA,NA,NA,-1.26283402847179,NA,NA
"cg22511107",NA,NA,NA,-0.255426924869621,NA,NA
"cg06362153",NA,NA,NA,-0.0665044591763089,NA,NA
"cg04695454",NA,NA,NA,-1.21076217489374,NA,NA
"cg04860548",NA,NA,NA,7.69124800685212,NA,NA
"cg05005308",NA,NA,NA,-0.199872243849898,NA,NA
"cg12642914",NA,NA,NA,-0.469133238726551,NA,NA
"cg08571946",NA,NA,NA,-0.0383696861096961,NA,NA
"cg11109664",NA,NA,NA,-0.531816285846484,NA,NA
"cg16246483",NA,NA,NA,-1.88945437875425,NA,NA
"cg26313355",NA,NA,NA,-0.860194780621686,NA,NA
"cg17840681",NA,NA,NA,-0.112329755211476,NA,NA
"cg19028261",NA,NA,NA,-0.172757284354885,NA,NA
"cg20192941",NA,NA,NA,-0.282673675058823,NA,NA
"cg23045418",NA,NA,NA,-0.766427761464675,NA,NA
"cg24113826",NA,NA,NA,-2.51334558571892,NA,NA
"cg16606195",NA,NA,NA,NA,1.03135218317441,NA
"cg09841958",NA,NA,NA,NA,0.566210157551507,NA
"cg01342627",NA,NA,NA,NA,0.65827658486284,NA
"cg01486146",NA,NA,NA,NA,1.74964187172267,NA
"cg01668584",NA,NA,NA,NA,0.843453555691448,NA
"cg01682788",NA,NA,NA,NA,0.571127128751809,NA
"cg13242392",NA,NA,NA,NA,-3.39562813040895,NA
"cg03383661",NA,NA,NA,NA,-1.66906524301863,NA
"cg14679255",NA,NA,NA,NA,8.42075152324816,NA
"cg04483809",NA,NA,NA,NA,-8.07343573562744,NA
"cg04837182",NA,NA,NA,NA,-1.11969556867606,NA
"cg06900751",NA,NA,NA,NA,-0.420999000817118,NA
"cg09105275",NA,NA,NA,NA,-0.632253398991002,NA
"cg24573918",NA,NA,NA,NA,-2.03121720210727,NA
"cg18096355",NA,NA,NA,NA,-0.252123601416329,NA
"cg18178230",NA,NA,NA,NA,-1.81573197156754,NA
"cg11707875",NA,NA,NA,NA,3.20818951997812,NA
"cg11806837",NA,NA,NA,NA,-1.68008294642686,NA
"cg13035237",NA,NA,NA,NA,0.40455170654643,NA
"cg19109335",NA,NA,NA,NA,-2.39418786146294,NA
"cg19825429",NA,NA,NA,NA,-1.45519789717868,NA
"cg19912994",NA,NA,NA,NA,0.488156952353959,NA
"cg15175802",NA,NA,NA,NA,-1.78202596360596,NA
"cg15648389",NA,NA,NA,NA,1.05821827986016,NA
"cg15748883",NA,NA,NA,NA,0.787407121200338,NA
"cg16177793",NA,NA,NA,NA,0.550640019228648,NA
"cg22689233",NA,NA,NA,NA,4.40106652107323,NA
"cg20426932",NA,NA,NA,NA,1.65026959690963,NA
"cg25946283",NA,NA,NA,NA,0.0216256673027931,NA
"cg27294582",NA,NA,NA,NA,0.841924699974605,NA
"cg20517495",NA,NA,NA,NA,0.0737285484693749,NA
"cg21513836",NA,NA,NA,NA,-2.89565104263205,NA
"cg03846926",NA,NA,NA,NA,NA,0.0971074160304823
"cg04153067",NA,NA,NA,NA,NA,-0.547905761161848
"cg02586638",NA,NA,NA,NA,NA,0.190492011897024
"cg02620401",NA,NA,NA,NA,NA,0.550877507082591
"cg06670018",NA,NA,NA,NA,NA,1.25762542663024
"cg07431199",NA,NA,NA,NA,NA,0.157261205293831
"cg04247657",NA,NA,NA,NA,NA,-0.136431703921707
"cg04794444",NA,NA,NA,NA,NA,7.1066595141191
"cg08831341",NA,NA,NA,NA,NA,0.627565213725003
"cg08938156",NA,NA,NA,NA,NA,1.42964282561376
"cg07840912",NA,NA,NA,NA,NA,-0.862508103441262
"cg08212459",NA,NA,NA,NA,NA,1.3032829964397
"cg10437411",NA,NA,NA,NA,NA,-1.08707331851819
"cg10895049",NA,NA,NA,NA,NA,-0.895557198738695
"cg09172296",NA,NA,NA,NA,NA,0.34094251424829
"cg12844801",NA,NA,NA,NA,NA,2.45772092212199
"cg13237109",NA,NA,NA,NA,NA,-1.76726677528042
"cg14136150",NA,NA,NA,NA,NA,-1.01210809028205
"cg11641322",NA,NA,NA,NA,NA,-0.0663245295742706
"cg16342115",NA,NA,NA,NA,NA,0.279193383808795
"cg18543660",NA,NA,NA,NA,NA,0.782043095986222
"cg22373137",NA,NA,NA,NA,NA,0.440512334765965
"cg15903069",NA,NA,NA,NA,NA,0.106135873027977
"cg19920160",NA,NA,NA,NA,NA,-0.801867247236597
"cg20996132",NA,NA,NA,NA,NA,0.389111138311578
"cg18911551",NA,NA,NA,NA,NA,-10.4780033134291
"cg27455566",NA,NA,NA,NA,NA,-0.387771924312975
"cg23423392",NA,NA,NA,NA,NA,-2.31138809547518
